Сеть,Город,Адрес,Широта,Долгота,Часы,Самовывоз,Зал
8kru,Звенигород,"Спортивная, 12",55.7391118,36.8550566,,да,
8kru,Магнитогорск,"Калинина, 20",53.420345683971,58.986373,,да,
Доставка еды и обедов - BigRoll,Екатеринбург,"Фурманова, 66",56.8153305,60.6010818,,да,
Доставка еды и обедов - BigRoll,Екатеринбург,"Космонавтов, 86",56.906497,60.614848,,да,
bg,Екатеринбург,"Ленина, 2",59.986852247692454,30.28743982314908,,да,да
bg,Екатеринбург,"Улица, 1",56.594697,84.945735,,,
"Ayfood.ru, айфуд: халяль роллы и суши с достав",Азнакаево,"Хасаншиной, 21б",54.854884294843,53.067300739664,,да,
"Ayfood.ru, айфуд: халяль роллы и суши с достав",Альметьевск,"Шевченко, 144У",54.900248656912,52.25848220636,,да,
"Ayfood.ru, айфуд: халяль роллы и суши с достав",Альметьевск,"Радищева, 17",54.9063293,52.2955595,,да,
БиБи Пицца,Вихоревка,"Ленина, 19",56.122966,101.171573,,да,
Овощи и гарниры в Омске — доставка бесплатно |,Омск,"Маршала Жукова, 70А\8",54.976888933565,73.388140635582,,да,
Атаман Суши,Кемерово,"Московский проспект, 19",55.356419780934,86.156902573926,,да,
Arigato,Красноярск,"Мужества, 10",56.034501,92.884345,,да,да
Arigato,Красноярск,"Металлургов, 51ж",56.046806,92.950865,,,
"ПРИВЕТ BUFFET - доставка суши, роллов и пиццы",Красноярск,"Урванцева, 16",56.060867762917,92.923796068724,,да,да
"ПРИВЕТ BUFFET - доставка суши, роллов и пиццы",Красноярск,"Щорса, 50",55.99134056708,92.951530543655,,да,да
БИГ РОЛЛ,Владивосток,"Днепровская, 97 Б",43.14845966098,131.93328210318,,,
Бизон,Благовещенск,"пионерская, 98",50.272157,127.533641,,,да
Бизон,Долгопрудный,"Жуковского, 3",55.9257074,37.5186359,,да,да
Бизон,Надым,"Набережная С.А.  Оруджева, 39",65.5251085946,72.540555653272,,да,да
Бизон,Новый Уренгой,"Губкина, 21",66.099286,76.674345,,да,да
cookies,Москва,"Ленина, 1",56.843122,60.642588,,да,
cookies,Москва,"Ленина, 2",59.986852247692454,30.28743982314908,,да,да
cookies,Москва,"Вишняковский переулок, 27",55.735408,37.629304,True,да,да
cookies,Москва,"Большая Пироговская улица, 2",0,0,,да,да
cookies,Саратов,"Лунная, 29",55.534281,37.451591,,да,да
cookies,Саратов,"1-й Овсяной проезд, 3",51.584321,46.126603,,да,да
cookies,Сочи,"Чапаева, 5",55.888947,37.448141,,да,да
cookies,Сочи,"Маяковского, 23",55.891587,37.438502,,да,да
buriymedved,Воронеж,"Шишкова, 142",51.714159,39.189687,,да,да
burgerych,Верхняя Пышма,"Проспект Успенский, 127",56.981196555809,60.546846315483,,да,
cafenf,Нефтекамск,"Парковая, 5В",56.080311,54.249269,,да,
chili,Рязань,"Семчинская, 2",54.685271,39.649669,,да,
Чикаго-пицца,Шарыпово,"3 микрорайон, 4А",55.532537640565,89.174522457672,,да,да
"Доставка суши, роллов, пиццы, WOK и Том Ям. Пу",Новое Пушкино,"Сретенская улица, 1",56.02389544863,37.863144433771,,да,
daisushi,Ростов-на-Дону,"Доватора, 257А",47.23625,39.603406,,да,да
daisushi,Ростов-на-Дону,"Мечникова, 130/1",47.237633,39.698394,,да,
daisushi,Ростов-на-Дону,"Вересаева, 101/1 строение 2",47.242276,39.799886,,да,
Доставка пиццы в Перми недорого заказать по це,Пермь,"Швецова, 3",58.005529,56.260489,,да,
Дерзкий Лосось,Советский,"Пушкина, 14а",56.755891,48.47427,,да,
Дерзкий Лосось,Яранск,"Карла Маркса, 44",57.299919246921,47.875412447642,,да,
Доставка-Панда,Ангарск,"12а микрорайон, 7в",52.513135,103.858865,,да,да
Доставка-Панда,Усолье-Сибирское,"пр.Космонавтов, 38",52.725398990573,103.66120142328,,да,
Доставка Еды,Зеленогорск (Красноярский край),"Изыскательская, 9/1",56.104759080472,94.596027008598,,да,
Доставка Еды,Канск,"40 Лет Октября, 62 стр4",56.231898,95.701004,,да,
Доставка Еды,Тайшет,"Пушкина, 41/1",55.925823,98.007608,,да,
Доставка роллов и пиццы в Магнитогорске | Дерз,Магнитогорск,"ул. 50-летия Магнитки, 34а",53.359592207089,58.974285753303,,да,
Заказ роллов и суши с доставкой на дом — Экоро,Армавир,"Мичурина, 2",44.9856054,41.095896143156,,да,
Заказ роллов и суши с доставкой на дом — Экоро,Армавир,"Розы Люксембург, 207",44.999223921198,41.138512714311,,да,
Заказ роллов и суши с доставкой на дом — Экоро,Курганинск,"Ленина, 136",44.87397740649,40.601188299977,,да,
Заказ роллов и суши с доставкой на дом — Экоро,Лабинск,"Победы, 248",44.65148615,40.731095974816,,да,
Заказ роллов и суши с доставкой на дом — Экоро,Майкоп,"Шовгенова, 113",44.604835,40.117934,,да,
Заказ роллов и суши с доставкой на дом — Экоро,Новокубанск,"Ленина, 18",45.12314855,41.01703585,,да,
Заказ роллов и суши с доставкой на дом — Экоро,Отрадная,"Красная, 71",44.39614875,41.525571754637,,да,
"Японское бистро EOKI – и по сути вкусно, и по",Клин,"Победы, 9",56.318143,36.744118,,да,
"Японское бистро EOKI – и по сути вкусно, и по",Сергиев Посад,"Вознесенская, 32А, 2 этаж",56.304239836617,38.132534269835,,да,
"Японское бистро EOKI – и по сути вкусно, и по",Сергиев Посад,"Вознесенская, 32А, 1 этаж",56.303876,38.133178,,,
Роллы Закуски Напитки Десерты быстрая доставка,Бийск,"Васильева, 46/1",52.5096615,85.143580644251,,да,
ФИШИ. Доставка суши и роллов в Хабаровске от 4,Хабаровск,"Большая , 104/9",48.506454707336,135.08368083702,,да,
Заказать роллы Fishman. Роллы с доставкой в Во,Воронеж,"Маршала Одинцова, 25б/1",51.713221323887,39.269342195106,,да,
Заказать роллы Fishman. Роллы с доставкой в Во,Воронеж,"Антонова-Овсеенко, 7б",51.696804056302,39.131206526458,,да,
Заказать роллы Fishman. Роллы с доставкой в Во,Воронеж,"Туполева, 27а",51.636409420866,39.271428337295,,да,
Заказать роллы Fishman. Роллы с доставкой в Во,Воронеж,"Олимпийский бульвар, 6",51.71215560398,39.198296023556,,да,
Заказать роллы Fishman. Роллы с доставкой в Во,Воронеж,"Кривошеина, 13/13 (Код калитки 13в562в) ",51.640473,39.152281,,да,
Заказать роллы Fishman. Роллы с доставкой в Во,Воронеж,"Московский пр-т , 189/5",51.759046,39.186157,,да,
Заказать роллы Fishman. Роллы с доставкой в Во,Воронеж,"Переверткина, 1/10",51.683586,39.252928,,да,
Заказать роллы Fishman. Роллы с доставкой в Во,Воронеж,"Острогожская , 168/3",51.567932,39.123688,,да,
Заказать роллы Fishman. Роллы с доставкой в Во,Воронеж,"Куколкина, 32",51.668518,39.18895,,да,
fishfresh,Железногорск (Красноярский край),"Советская , 14",56.246311,93.527485,,да,
fishfresh,Железногорск (Красноярский край),"Ленинградский, 55",56.2248195,93.5198951,,да,
Доставка суши и роллов в Новошахтинске - GARRi,Новошахтинск,"Харьковская, 201",47.785389308985,39.909829338622,,да,
Доставка суши и роллов в Новошахтинске - GARRi,Новошахтинск,"Базарная, 19Б",47.754600324466,39.931360076056,,да,да
Доставка суши и роллов в Омске — FoodGarden,Омск,"Красный Путь , 76",55.006655250788,73.345912720237,,да,
Доставка суши и роллов в Омске — FoodGarden,Омск,"Бульвар Архитекторов, 13",54.983339184839,73.300574246694,,да,
Доставка суши и роллов в Омске — FoodGarden,Омск,"Декабристов , 114",54.966858400487,73.395570119049,,да,
Доставка суши и роллов в Омске — FoodGarden,Омск,"Проспект Мира, 62",55.029379,73.275066,,да,
Доставка суши и роллов в Омске — FoodGarden,Омск,"Сибирский проспект, 2/1",54.91544628425,73.455603034393,,да,
Доставка суши и роллов в Омске — FoodGarden,Омск,"Перелета, 19",55.002850516293,73.301604084656,,да,
Доставка суши и роллов в Омске — FoodGarden,Омск,"21 Амурская, 33/1",55.028498641244,73.41344301985,,да,
Доставка суши и роллов в Омске — FoodGarden,Омск,"Малиновского, 12 к5",55.040296191874,73.327738347221,,да,
Доставка суши и роллов в Омске — FoodGarden,Омск,"Проспект Карла Маркса, 83",54.944484305484,73.385631728836,,да,
Доставка суши и роллов в Омске — FoodGarden,Омск,"4-я Любинская , 34/1",54.996362176092,73.22733835582,,да,
Доставка суши и роллов в Омске — FoodGarden,Омск,"Космический Проспект, 14е",54.966861051803,73.449578915342,,да,
Доставка суши и роллов в Омске — FoodGarden,Омск,"10 лет Октября, 113",54.985815186943,73.405998645506,,да,
Доставка суши и роллов в Омске — FoodGarden,Омск,"Лаптева , 2",55.046563006647,73.296834507934,,да,
Доставка суши и роллов в Омске — FoodGarden,Омск,"Степанца, 10/3",54.9980282,73.289552144665,,да,
Доставка суши и роллов в Омске — FoodGarden,Омск,"21 Амурская, 22Б",55.030157627859,73.416581169311,,да,
Доставка суши и роллов в Омске — FoodGarden,Омск,"22 Апреля, 37/1",55.038876843696,73.269262355819,,да,
Доставка суши и роллов в Омске — FoodGarden,Омск,"Олега Кошевого, 28А",54.932985399697,73.331834169311,,да,
Доставка роллов и суши в Омске — Good Food,Омск,"Маяковского , 46/1",54.970758,73.394389,,да,
Доставка роллов и суши в Омске — Good Food,Омск,"бульвар Архитекторов, 13",54.983768,73.300129,,да,
GINKO,Воронеж,"Московский проспект, 129/1",51.717747,39.177533,,да,
GINKO,Воронеж,"Шишкова, 72",51.7024185,39.1971085,,да,
401 Authorization Required,Омск,"Волгоградская, 8",54.984456093358,73.272944812163,,да,
greenbar,Сосновоборск,"Мира, 3",56.116652,93.320044,,да,
"Gusto — доставка еды: роллы, пицца, вок и бург",Зарайск,"Карла Маркса, 1",54.764517935416,38.879337469601,,да,да
"Gusto — доставка еды: роллы, пицца, вок и бург",Рыбное,"Перспективная, 2",54.72465754646,39.48805770137,,да,да
"Gusto — доставка еды: роллы, пицца, вок и бург",Рыбное,"Вокзальная , 22",54.732397,39.501438,,да,да
"Gusto — доставка еды: роллы, пицца, вок и бург",Рязань,"Первомайский проспект, 56",54.629557140221,39.719496673507,,да,да
"Gusto — доставка еды: роллы, пицца, вок и бург",Скопин,"Ленина, 4",53.823280189167,39.545873125537,,да,да
"Gusto — доставка еды: роллы, пицца, вок и бург",Тула,"Оборонная, 4",54.189308,37.622567,,да,
Хочу роллы | быстрая доставка роллов и суши до,Березники,"Мира, 52",59.403557948996,56.845880528587,,да,да
ihtus,Анапа,"Анапское шоссе, 32",44.897476567474,37.354433244953,,да,
ihtus,Натухаевская,"Красного Октября, 84",44.910436428165,37.566627449074,,да,да
"Эй, креветка — Премиум роллы и суши с доставко",Красноярск,"Алексеева, 93",56.044964892833,92.902583034393,,да,
"Эй, креветка — Премиум роллы и суши с доставко",Красноярск,"Вильского, 22г",56.020099,92.763621,,да,
"Эй, креветка — Премиум роллы и суши с доставко",Красноярск,"Щорса, 76",55.989517,92.943876,,да,
ИМПЕРИЯ СУШИ - Доставка суши и роллов,Бийск,"Советская, 191",52.5168085,85.1818943,,да,да
ИМПЕРИЯ СУШИ - Доставка суши и роллов,Новосибирск,"Челюскинцев, 3",55.036824,82.896948,,да,да
ИМПЕРИЯ СУШИ - Доставка суши и роллов,Новосибирск,"Титова, 10",54.98322,82.884973,,да,да
ИМПЕРИЯ СУШИ - Доставка суши и роллов,Новосибирск,"Кочубея, 3/1",55.1065143,82.9558647,,да,да
ИМПЕРИЯ СУШИ - Доставка суши и роллов,Новосибирск,"Героев Революции, 72",54.9777807,83.077299,,да,да
Доставка суши и роллов в Смоленске от легендар,Смоленск,"Николаева, 59а",54.769887,32.023062,,да,
Камикадзе Челябинск,Челябинск,"Косарева, 63Б",55.181518982317,61.375116915344,,да,да
"Суши в Тольятти «Кашевар» - Доставка суши, Зак",Тольятти,"Юбилейная, 25В",53.522919,49.280696,,да,
Kampai,Челябинск,"​Окружная 1-я, 3",55.144521,61.399904,,да,
Хаки Суши,Шахты,"Советская, 154",47.710243736785,40.212914966933,,да,
Доставка суши и роллов — СушиКат,Березники,"Мира, 82",59.4085361,56.8527042,,да,
Доставка суши и роллов — СушиКат,Соликамск,"Энергетиков, 4",59.67308025,56.740371542622,,да,
Доставка суши и роллов — СушиКат,Соликамск,"ул. Энергетиков, 4",59.672553859119,56.744545059847,,,
Кинг Конг пицца и роллы Пермь Закамск l Быстра,Пермь,"Малая Ямская, 10/1",58.008357185326,56.255518458703,,да,
Кинг Конг пицца и роллы Пермь Закамск l Быстра,Пермь,"Баранчинская, 2",58.067932117901,56.356472969051,,да,
Кинг Конг пицца и роллы Пермь Закамск l Быстра,Пермь,"Шоссе космонавтов, 120/1",57.990766947933,56.192665100092,,да,
"Кинг Роллс- Акции и скидки на суши, роллы и пи",Краснокамск,"Коммунистическая, 17",58.084624435847,55.766211162565,,да,
Доставка суши — 8 Круглых,Звенигород,"Спортивная, 12",55.7391118,36.8550566,,да,
Доставка суши — 8 Круглых,Магнитогорск,"Калинина, 20",53.420345683971,58.986373,,да,
jishi,Алапаевск,"Фрунзе, 34",57.850998,61.699258,,да,да
jishi,Алапаевск,"Мира, 15 ",57.833378,61.68687,,да,да
jishi,Артемовский,"Ленина, 2",57.343643,61.887725,,да,да
jishi,Асбест,"Ленина, 32",57.0075402,61.4580851,,да,да
jishi,Аша,"Ленина, 9",54.99142125,57.277431374688,,да,
jishi,Баймак,"Салавата Юлаева, 25А",52.598062,58.306663,,да,да
jishi,Балашиха,"ш. Энтузиастов, вл11с4",55.790339690028,37.886538449537,,да,да
jishi,Белебей,"Амирова , 2",54.099751,54.104973,,да,да
jishi,Белово,"Юбилейная,  15",54.4112945,86.3048225,,да,да
jishi,Белорецк,"Карла Маркса, 69",53.9699438,58.414914,,да,да
jishi,Белорецк,"Точисского, 27",53.965244,58.41182850019,,да,да
jishi,Бирск,"Интернациональная, 23",55.4170095,55.5326781,,да,да
jishi,Бузулук,"Ленина, 51",52.7905973,52.2657522,,да,да
jishi,Верхний Уфалей,"Ленина, 147",56.056724,60.221098,,да,да
jishi,Гай,"Орская, 119",51.45727905,58.441282792026,,да,да
jishi,Еманжелинск,"Ленина, 17",54.7566941,61.3129719,,да,да
jishi,Заречный,"Победы , 22",56.796989,61.323987,,да,да
jishi,Златоуст," 1-я линия Гагарина, 14А",55.144933575868,59.669043388991,,да,да
jishi,Златоуст,"Ленина, 6",55.173375,59.668805,,да,да
jishi,Златоуст,"Айский посёлок, 70",55.1237874,59.6991419,,да,да
jishi,Ирбит,"Свердлова, 19",57.661404,63.085952,,да,да
jishi,Ишимбай,"Ленина, 40",53.451194,56.038156,,да,да
jishi,Камышлов,"Карла Маркса,  47",56.844909,62.707222,,да,да
jishi,Карпинск,"Свердлова, 14",59.768398,59.9993727,,да,
jishi,Карталы,"Калмыкова, 4к",53.055906,60.636183,,да,да
jishi,Коркино,"Ленина , 15",54.8937702,61.3960575,,да,да
jishi,Краснокамск,"Карла Маркса, 40",58.087232,55.758241,,да,да
jishi,Краснотурьинск,"Ленина ,  48А",59.763543,60.195631,,да,да
jishi,Красноуфимск,"Советская , 12",56.619607,57.772435,,да,да
jishi,Кувандык,"Ленина, 55а",51.477176,57.347639,,да,да
jishi,Кумертау,"Карла Маркса, 26",52.7567195,55.782963765722,,да,да
jishi,Кунгур," Карла Маркса , 37",57.437667,56.935205,,да,да
jishi,Курган,"2-й микрорайон, 17",55.4647976,65.2647037,,да,да
jishi,Лысьва,"Мира , 10",58.0989596,57.8000487,,да,да
jishi,Магнитогорск,"Карла Маркса, 153",53.378671,58.981549,,да,да
jishi,Магнитогорск,"Герцена , 6",53.430389,58.973231,,да,да
jishi,Магнитогорск,"Труда , 23Г",53.364671,58.980354,,да,да
jishi,Медногорск,"Герцена, 1",51.406205,57.584202,,да,да
jishi,Миасс,"Автозаводцев , 14",55.0610825,60.1072984,,да,да
jishi,Невьянск,"Ленина, 30",57.4838995,60.2174125,,да,да
jishi,Нефтекамск,"Юбилейный проспект, 18",56.0888603,54.2370688,,да,да
jishi,Новотроицк,"Советская, 116А",51.191862,58.284187,,да,да
jishi,Озерск,"Дзержинского, 35А ",55.753732,60.683883,,да,да
jishi,Оренбург,"Новая , 4",51.81129,55.09135,,да,да
jishi,Орск,"Ленина , 35",51.23285,58.4731212,,да,да
jishi,Пласт,"Октябрьская,  58Б",54.357395,60.811471,,да,да
jishi,Приютово,"Бульвар Мира , 7",53.9028368,53.9305202,,да,да
jishi,Ревда,"Карла Либнехта , 31",56.803026,59.928849,,да,да
jishi,Реж,"Ленина , 26",57.372122,61.385252,,да,да
jishi,Салават,"Салавата Юлаева,  29А",53.34078,55.936781,,да,да
jishi,Североуральск,"Мира , 9",60.1556539,59.9475431,,да,да
jishi,Сибай,"Горняков, 22",52.721181,58.664866,,да,да
jishi,Снежинск,"Дзержинского, 39",56.082757366094,60.720519948168,,да,да
jishi,Стерлитамак,"Артема, 96",53.622585,55.901594,,да,да
jishi,Сухой Лог,"Белинского, 54Е",56.897143,62.037177,,да,да
jishi,Сысерть," Коммуны,  41",56.5040893,60.81467115,,да,да
jishi,Троицк,"Гагарина,  41",54.0887121,61.5589259,,да,да
jishi,Туймазы,"Чапаева, 69",54.592091,53.703614,,да,да
jishi,Уфа,"Ферина, 29",54.778461,56.132659,,да,да
jishi,Учалы,"Ленина, 25",54.316886496695,59.377700032802,,да,да
jishi,Чебаркуль,"Ленина , 28",54.9778247,60.3660539,,да,да
jishi,Шадринск,"Свердлова, 80",56.0862503,63.627599201285,,да,
jishi,Южноуральск,"Мира , 43",54.4429,61.26981,,да,да
kostrof,Барнаул,"Меланжевая , 58",53.361978,83.74643147798,,да,да
Кирин sushi,Новомосковск,"Трудовые резервы, 68Б",54.030375,38.283386,,да,
kuhnya,Новомосковск,"Ленина, 2",59.986852247692,30.287439823149,,,
kuhnya,Новомосковск,"Трудовые Резервы, 68 а",54.030333,38.28344,,да,
KRUTTO,Владивосток,"Жигура, 48А",43.131724635889,131.92405412268,,да,
"Кухня Суши — доставка еды на Бору: суши, пицца",Бор,"Стеклозаводское шоссе, 1к5",56.351394349774,44.079762431877,,да,
kupisushi,Щербинка,"40 лет Октября, 3",55.511669,37.568488,,да,
Доставка суши и роллов от 30 минут в Вязьме -,Вязьма,"25 октября, 28",55.201543565172,34.300644671688,,да,
kushaysushi,Магнитогорск,"Карла Маркса, 190",53.370745329197,58.977115051589,,да,
Кручу-Верчу! - Доставка больших роллов в Казан,Казань,"Минская, 36а",55.772077,49.236068,,да,
Куситория - доставка суши и роллы,Златоуст,"Айский, 70",55.124328448706,59.699656884131,,да,да
Куситория - доставка суши и роллы,Карталы,"Славы , 8",53.058644,60.636398,,да,да
Куситория - доставка суши и роллы,Магнитогорск,"Ленина, 83",53.402783499409,58.987911678573,,да,да
Куситория - доставка суши и роллы,Мелеуз,"Смоленская, 142Б",52.965019249212,55.946009159084,,да,да
Куситория - доставка суши и роллы,Миаcc,"Автозаводцев, 65",55.046507,60.110399,,да,да
Куситория - доставка суши и роллы,Орск,"Мира, 15е",51.23014,58.492282,,да,да
Куситория - доставка суши и роллы,Учалы,"Карла Маркса, 11",54.31613075,59.3802228,,да,да
"Контора вкуса. Доставка пиццы, роллов, суши. Б",Балашиха,"Яганова, 3",55.835099,37.953973,,да,
Доставка Суши и роллов в Перми LIFEROLLS,Пермь,"Малкова, 12",57.994057788037,56.194539780425,,да,
Доставка Суши и роллов в Перми LIFEROLLS,Пермь,"Калинина, 26",58.024887001212,56.015728212303,,,
Суши и роллы с доставкой — Лори Суши,Балаково,"проспект Героев, 36А",52.018701,47.834965,,да,
Суши и роллы с доставкой — Лори Суши,Балашов,"Карла Маркса, 57",51.546763026055,43.148611008497,,да,
Суши и роллы с доставкой — Лори Суши,Вольск,"Октябрьская, 120/1",52.039578487547,47.390185838644,,да,
Суши и роллы с доставкой — Лори Суши,Димитровград,"Автостроителей, 53А",54.210077219424,49.597629891984,,да,
Доставка пиццы и роллов в Самаре,Самара,"Ново-вокзальный тупик, 21",53.216982,50.241516,,да,да
Доставка пиццы и роллов в Самаре,Самара,"Садовая, 292",53.203995079959,50.123578084654,,да,да
Доставка пиццы и роллов в Самаре,Самара,"Демократическая , 7",53.262401311085,50.218019867207,,да,да
Доставка пиццы и роллов в Самаре,Уфа,"Уфимское шоссе, 34",54.788647,56.05871,,да,да
mamanoris,Белгород,"Народный бульвар, 43",50.599256,36.597293,,да,
mamanoris,Белгород,"Бульвар Юности, 5Б",50.560928,36.56551,,да,
mamanoris,Воронеж,"Юлюса Янониса, 1",51.651265,39.143594,,да,да
mamanoris,Воронеж,"Владимира Невского, 483/10",51.71781543116,39.173027109873,,да,да
mamanoris,Воронеж,"Артамонова, 38д к2",51.714868,39.268451,,да,да
mamanoris,Курск,"Бойцов 9-й Дивизии, 185",51.725865,36.138101,,да,
Lifemart Dubai,Dubai,"Bay Square, 11",25.18572214405,55.281404958657,"['Mon-Fri from 07:00 to 23:00', 'Sat from 08:00 to 22:00', 'Sun from 09:00 to 21:00']",да,да
luckymaki,Копейск," проспект Коммунистический, 25",55.11287,61.617215,,да,да
Мак и Манго — вкусная доставка роллов и кофе,Хабаровск,"Совхозная, 35/1",48.530549452298,135.08145860066,,да,
Личный повар,Миасс,"Автозаводцев, 1",55.0610825,60.1072984,,,
Личный повар,Миасс,"проспект Автозаводцев, 14",55.061570209831,60.107361686508,,да,
Доставка Роллов и пиццы - заказать вкусные рол,Радужный,"1-й микрорайон, 44",62.130884,77.454262,,да,
Доставка Роллов и пиццы - заказать вкусные рол,Тюмень,"Республики, 204к3",57.123314233378,65.600935975532,,да,
"Суши, роллы и пицца с доставкой - Maneki!",Орел,"Маринченко, 9 А",53.009037,36.140742,,да,
"Суши, роллы и пицца с доставкой - Maneki!",Орел,"Фомина, 9",52.966021,36.077465,,да,
"МАНГА ВКУС - суши, пицца. Кафе и доставка еды",Барнаул,"Попова, 150 Б",53.350436759574,83.671839474869,,да,да
"МАНГА ВКУС - суши, пицца. Кафе и доставка еды",Заринск,"25 партсъезда, 28",53.70816,84.922819,,да,да
"МАНГА ВКУС - суши, пицца. Кафе и доставка еды",Камень-на-Оби,"Пушкина, 25 А",53.791528408689,81.348668923942,,да,
"МАНГА ВКУС - суши, пицца. Кафе и доставка еды",Новоалтайск,"Гагарина, 8",53.414972296423,83.93074144158,,да,да
"МАНГА ВКУС - суши, пицца. Кафе и доставка еды",Сибирский ЗАТО,"40 лет РВСН, 4",53.557893,83.838086,,да,да
"Маримо Тамбов — доставка вкусных роллов, суши",Тамбов,"Советская, 190",52.745270382697,41.448221394483,,да,
МЕСТО ПИЦЦЫ,Череповец,"пр. Победы, 135",59.12379720985,37.984109495506,,да,да
МЕСТО ПИЦЦЫ,Череповец,"пр. Победы, 93",59.126833958635,37.960105566311,,да,да
Доставка еды в Красноярске - заказать еду по д,Красноярск,"Кутузова, 1/4",55.9898313,92.9842858,,да,да
Доставка еды в Красноярске - заказать еду по д,Красноярск,"Мира, 80",56.012258015011,92.871667431876,,да,да
Доставка еды в Красноярске - заказать еду по д,Красноярск,"Красноярский рабочий, 176г/2",55.993117,92.890867,,,
Доставка еды в Красноярске - заказать еду по д,Красноярск,"Судостроительная, 74а",55.984119,92.849643,,да,да
Доставка еды в Красноярске - заказать еду по д,Красноярск,"Судостроительная, 163/4",55.985785,92.870304,,да,да
Доставка еды в Красноярске - заказать еду по д,Красноярск,"Красноярский рабочий, 168 1/4",55.995267,92.894074,,да,да
Доставка еды в Красноярске - заказать еду по д,Красноярск,"Ленина, 112",56.012984,92.856991,,да,да
Доставка еды в Красноярске - заказать еду по д,Красноярск,"Сведловская, 8Б",55.976534,92.809453,,да,да
Доставка еды в Красноярске - заказать еду по д,Красноярск,"Ладо Кецховели, 35г",56.010463,92.813369,,да,да
Доставка еды в Красноярске - заказать еду по д,Красноярск,"60 лет Октября, 90 стр. 6/3",55.978679,92.868139,,да,да
Доставка еды в Красноярске - заказать еду по д,Красноярск,"Крупской, 8",56.022293,92.77997,,да,да
Доставка еды в Красноярске - заказать еду по д,Красноярск,"Партизана Железняка, 53, стр. 1, пом. 11",56.040820123708,92.938640305557,,да,да
Доставка еды в Красноярске - заказать еду по д,Красноярск,"Аэровокзальная, 1А",56.027057,92.908034,,да,да
maxi,Агрыз,"Октябрьская, 3А",56.5268,53.00539,,да,
maxi,Глазов,"Циолковского, 18В",58.12445,52.655927,,да,
maxi,Сарапул,"Азина, 59",56.466892,53.805465,,да,
Мангалыч,Екатеринбург,"Ленина, 2",59.986852247692454,30.28743982314908,,,
Мангалыч,Екатеринбург,"40-летия Октября, 75",56.904160041499,60.598817179237,,да,
Мангалыч,Екатеринбург,"Победы, 70Б",56.901582,60.593136,,,
Море в дом,Шарыпово,"Горького , 54",55.5279268,89.1866171,,да,да
Мистер Суши,Воронеж,"Ростовская,  58/21",51.602993529829,39.239587652058,,да,
Мистер Суши,Воронеж,"9-Января, 113а",51.671829620341,39.153270661376,,да,
Доставка роллов в Саратове — заказать суши и р,Саратов,"Рабочая, 16",51.5249709,46.024119810032,,да,
Murasaki | Суши и роллы в Новосибирске,Новосибирск,"Николая Сотникова, 10",54.941651954173,82.967959411549,,да,да
Мама Нори,Белгород,"Народный бульвар, 43",50.599256,36.597293,,да,
Мама Нори,Белгород,"Бульвар Юности, 5Б",50.560928,36.56551,,да,
Мама Нори,Воронеж,"Юлюса Янониса, 1",51.651265,39.143594,,да,да
Мама Нори,Воронеж,"Владимира Невского, 483/10",51.71781543116,39.173027109873,,да,да
Мама Нори,Воронеж,"Артамонова, 38д к2",51.714868,39.268451,,да,да
Мама Нори,Курск,"Бойцов 9-й Дивизии, 185",51.725865,36.138101,,да,
"MYDONER — доставка шаурмы, донеров и шашлыка в",Ульяновск,"Карла Маркса, 18",54.3203401,48.392432832457,,да,да
"MYDONER — доставка шаурмы, донеров и шашлыка в",Ульяновск,"Промышленная, 79Б",54.281026,48.312896,,да,да
"MYDONER — доставка шаурмы, донеров и шашлыка в",Ульяновск,"Полбина, 50а",54.303943,48.348182,,да,да
"MYDONER — доставка шаурмы, донеров и шашлыка в",Ульяновск,"Водопроводная, 2",54.301973,48.368628,,да,да
"MYDONER — доставка шаурмы, донеров и шашлыка в",Ульяновск,"Ульяновский проспект, 2А",54.37083,48.587143,,да,да
namaki,Стерлитамак,"Юрматинская, 8",53.61269665,55.898981942482,,да,
«Некруглая» - Римская пицца и роллы,Гатчина,"Соборная улица, 12",59.566126696042,30.124883750015,,да,
«Некруглая» - Римская пицца и роллы,Сиверский,"Вокзальная, 4",59.356058,30.065804,,да,да
Заказать доставку еды в Новосибирске | Nicks F,Новосибирск,"Смоленская, 4а",54.858813812372,82.98629548393,,да,
Заказать доставку еды в Новосибирске | Nicks F,Новосибирск,"Зорге, 1а",54.938188,82.898861,,да,
nikosi,Реутов,"Улица, 1",56.594697,84.945735,,да,да
Ninja,Можга,"Вокзальная, 4",56.444846352214,52.213181982803,,да,
Ниндзя Рizza,Новодвинск,"Советов, 3",64.411885493929,40.835014476196,,да,
ohra,Челябинск,"Ленина, 2",59.986852247692454,30.28743982314908,,,
ohra,Челябинск,"Улица, 1",56.594697,84.945735,,,
ohra,Челябинск,"Каслинская, 19а",55.186986489026,61.395270678573,,да,
ohra,Челябинск,"Пос. Терема, ул. Ломоносова, 22",55.207637075352,61.189414289688,,да,
Заказать еду халяль с доставкой в Казани - цен,Казань,"Короленко, 17",55.82376175,49.100596456468,,да,
Заказать еду халяль с доставкой в Казани - цен,Казань,"Космонавтов, 44",55.795201,49.193883,,да,
Ниндзя Пицца — доставка пиццы в вашем городе,Абакан,"Щетинкина, 32",53.7264778,91.4428246,,да,
Ниндзя Пицца — доставка пиццы в вашем городе,Ачинск,"3-й микрорайон, 20",56.2607459,90.499230181781,,да,
Ниндзя Пицца — доставка пиццы в вашем городе,Канск,"Московская улица, 20",56.204539106696,95.714659959354,,да,
Ниндзя Пицца — доставка пиццы в вашем городе,Красноярск,"Телевизорная, 1",56.023344,92.801889,,да,
Ниндзя Пицца — доставка пиццы в вашем городе,Красноярск,"Коммунальная, 8а",56.00549,92.935908,,да,
Ниндзя Пицца — доставка пиццы в вашем городе,Красноярск,"Мате Залки, 41",56.060433,92.939203,,да,
Ниндзя Пицца — доставка пиццы в вашем городе,Красноярск,"Свердловская, 3а",55.983217,92.884471,,да,
Ниндзя Пицца — доставка пиццы в вашем городе,Красноярск,"Словцова, 4",56.027107,92.761249,,да,
Ниндзя Пицца — доставка пиццы в вашем городе,Красноярск,"Водопьянова, 15а",56.057327,92.914663,,да,
Ниндзя Пицца — доставка пиццы в вашем городе,Красноярск,"Тамбовская, 5",56.01323555,93.032745610923,,да,
Ниндзя Пицца — доставка пиццы в вашем городе,Красноярск,"Соколовская, 20а",56.102287,92.902105,,да,
Ниндзя Пицца — доставка пиццы в вашем городе,Минусинск,"Кретова, 11А",53.69028,91.682058,,да,
Панама суши,Волгодонск,"Проспект Строителей, 2Г",47.511426,42.190806,,да,да
Панама суши,Ростов-на-Дону," улица Платона Кляты , 10",47.316895,39.677634,,да,да
Панама суши,Таганрог,"Переулок Гоголевский, 10",47.216261105086,38.91821617791,,да,да
"ОкуньЕвшая Доставка | суши, роллы, пицца с бес",Люберцы,"Летчика Ларюшина, 4к2",55.678583785938,37.866444763081,,да,да
"ОкуньЕвшая Доставка | суши, роллы, пицца с бес",Москва,"Уточкина, 5к2",55.47449565012,37.527084358473,,да,да
"ОкуньЕвшая Доставка | суши, роллы, пицца с бес",Москва,"Полярная, 25к2",55.881595999749,37.635215238098,,да,да
"ОкуньЕвшая Доставка | суши, роллы, пицца с бес",Москва,"Любненская, 13к3",55.88735548687907,37.527375202376284,,да,да
"ОкуньЕвшая Доставка | суши, роллы, пицца с бес",Мытищи,"Полковника Романова , 5",55.901517891423,37.639306649998,,да,да
Доставка еды в Серове от 45 минут | папаролл,Серов,"Ленина, 165",59.605286,60.581646,,да,
Пармезан - доставка огромной пиццы с лучшими о,Березовский,"ленина , 63",56.912267,60.796191,,да,да
Пармезан - доставка огромной пиццы с лучшими о,Екатеринбург,"Блюхера, 63",56.857509202684,60.651971662703,,да,да
Пармезан - доставка огромной пиццы с лучшими о,Екатеринбург,"Академика сахарова, 64",56.78532,60.517426,,да,да
Пармезан - доставка огромной пиццы с лучшими о,Екатеринбург,"Чайковского, 86Л",56.800695,60.622591,,да,да
Пироги Онлайн,Чайковский,"Юбилейная, 8/2",56.762301,54.12593,,да,
Пингви Суши,Новосибирск,"Нарымская, 8",55.040093083372,82.910421407934,,да,да
Пингви Суши,Омск,"24-я Северная, 163",55.023450307115,73.399292000254,,да,да
Пингви Суши,Омск,"Мира, 54",55.029459081297,73.28097987368,,да,да
Пингви Суши,Омск,"Бульвар Архитекторов, 13",54.983801934355,73.299099031737,,да,да
Пингви Суши,Омск,"Маяковского, 101",54.972527493678,73.410912638842,,да,да
Пингви Суши,Омск,"Карла Маркса, 85",54.943492326189,73.385176525131,,да,да
Пингви Суши,Омск,"Кемеровская, 24",55.001256,73.35781,,да,да
"Fiero Pizza — доставка пиццы, роллов и бургеро",Заводоуковск,"Вокзальная, 48",56.512966,66.539668,,да,
"Fiero Pizza — доставка пиццы, роллов и бургеро",Ялуторовск,"Ленина, 56",56.656341453686,66.309229747152,,да,
Pizza House — доставка пиццы в Смоленске. Горя,Смоленск,"Черняховского, 25",54.764020280648,32.028162839488,,да,
Pizza Roller,Братск,"Рябикова, 33а",56.172696036746,101.60700858532,,да,
Pizza Roller,Иркутск,"4-я Советская, 28",52.269879685437,104.30292489593,,да,
Pizza Roller,Энергетик,"Юбилейная , 53а",56.320893696549,101.74098496826,,да,
Суши Иланский | Доставка &quot;ПУШ&quot; Роллы,Бородино,"Ленина, 50",55.901571,94.897721,,да,
Суши Иланский | Доставка &quot;ПУШ&quot; Роллы,Иланский,"Коммунистическая, 56",56.236503925226,96.057779,,да,
pizzazp,Вербилки,"Забырина, 1/13",56.528121,37.59215,,да,
pizzazp,Запрудня,"Переулок мира, 8д",56.563606,37.431639,,да,да
pizzazp,Талдом,"Юбилейный, 20а",56.740122,37.529259,,да,
PRIME ROLL,Омск,"Волховстроя, 88",55.010451204724,73.346737904443,,да,
ProСуши,Новосибирск,"2-я Обская улица, 154",54.996361,82.957207,,да,да
Роллы и суши с доставкой в Воронеже,Воронеж,"Беговая, 2/3",51.699159991767,39.195559975532,,да,
ricepublic,Белгород,"Молодежная, 22",50.563300144452,36.531159947082,,да,да
ricepublic,Воронеж,"жилой массив Олимпийский, 12",51.714477383863,39.197732994568,,да,да
ricepublic,Губкин,"Кирова, 26",51.28154945,37.53294275,,да,да
ricepublic,Курск,"Вячеслава Клыкова, 60",51.719471,36.135711,,да,да
ricepublic,Москва,"улица Правды , 24 с8",55.786374,37.583859,,да,да
ricepublic,Старый Оскол,"микрорайон Макаренко, 5",51.31849815,37.884738347037,,да,да
ricepublic,Строитель,"Промышленая, 57",50.788105,36.477044,,да,да
Доставка роллов и суши Ролик,Ангарск,"192-й квартал, строение 23",52.5063215817,103.83999597882,,да,да
Доставка роллов и суши Ролик,Арзамас,"Кленовая , 23 А",55.365796,43.850452,,да,да
Доставка роллов и суши Ролик,Балаково,"Ленина, 116",52.02314,47.782432,,да,да
Доставка роллов и суши Ролик,Богородск,"Ленина, д. 123, лит К, помещение 3",56.103449742919,43.50446504299,,да,да
Доставка роллов и суши Ролик,Бологое,"Кирова, 27",57.88465,34.046257,,да,да
Доставка роллов и суши Ролик,Бузулук,"Максима Горького, 42",52.79274695,52.267045881752,,да,да
Доставка роллов и суши Ролик,Владимир,"Ленина, 47А",56.117838,40.354829,,да,
Доставка роллов и суши Ролик,Волгоград,"8-й Воздушной Армии, 24 А",48.749518,44.506474,,да,да
Доставка роллов и суши Ролик,Вологда,"Чехова, 36",59.208562,39.889843,,да,
Доставка роллов и суши Ролик,Вольск,"Революционная, 1",52.040029,47.396049,,да,да
Доставка роллов и суши Ролик,Вязьма,"Космонавтов, 4",55.20975,34.28935,,да,да
Доставка роллов и суши Ролик,Гжель,"село Новохаритоново, 235",55.593844320791,38.488405018524,,да,да
Доставка роллов и суши Ролик,Губкин,"Севастопольская, 101 а",51.27157,37.512955,,да,да
Доставка роллов и суши Ролик,Егорьевск,"Рязанская , 61/47",55.381828,39.051885,,да,да
Доставка роллов и суши Ролик,Ишим,"Карла Маркса, 77а",56.110209,69.507325,,да,да
Доставка роллов и суши Ролик,Йошкар-Ола,"Чавайна, 42",56.635869542629,47.894886558607,,да,да
Доставка роллов и суши Ролик,Калуга,"Кибальчича , 25",54.580602,36.249717,,да,да
Доставка роллов и суши Ролик,Керчь,"Горького, 2Ж",45.364237,36.475463,,да,
Доставка роллов и суши Ролик,Кинешма,"50-летия Комсомола, 18А",57.45392,42.128624,,да,да
Доставка роллов и суши Ролик,Колпашево,"Победы, 66",58.325205,82.891369,,да,да
Доставка роллов и суши Ролик,Краснодар,"Суздальская, 1",45.083234,39.002056,,да,да
Доставка роллов и суши Ролик,Краснодар,"2-я Целиноградская , 15",45.145620593414,38.997044906746,,да,да
Доставка роллов и суши Ролик,Краснодар,"Ковалёва, 5",45.061949,38.948947,,да,да
Доставка роллов и суши Ролик,Кузнецк,"Победы, 17",53.10874715,46.5897399,,да,
Доставка роллов и суши Ролик,Курск,"Дериглазова , 35",51.808656,36.165095,,да,да
Доставка роллов и суши Ролик,Магнитогорск,"Карла Маркса, 172",53.37844,58.976384,,да,
Доставка роллов и суши Ролик,Майкоп,"Гоголя, 21",44.60522,40.108565,,да,да
Доставка роллов и суши Ролик,Майма Горно-Алтайск,"Ленина, 30А",52.00179555308,85.895415544505,,да,
Доставка роллов и суши Ролик,Набережные Челны,"Нариманова, 6",55.719454486428,52.363639745275,,да,
Доставка роллов и суши Ролик,Надым,"Игоря Шаповалова, 1/3",65.538207,72.524263,,да,
Доставка роллов и суши Ролик,Ногинск,"Тихвинская, 2",55.857084,38.44457,,да,
Доставка роллов и суши Ролик,Норильск,"Бауманская, 19А",69.491156,88.379599,,да,да
Доставка роллов и суши Ролик,Одинцово,"Можайское шоссе, 121",55.682135,37.2912598,,да,да
Доставка роллов и суши Ролик,Павловский Посад,"Кирова, 81",55.77959,38.663553,,да,да
Доставка роллов и суши Ролик,Пенза,"65-летия Победы, 26",53.231565,44.886928,,да,
Доставка роллов и суши Ролик,Пенза,"Урицкого, 74",53.195846,45.024793,,да,да
Доставка роллов и суши Ролик,Перемышль,"Коммунаров, д. 4",54.261778,36.154387,,да,да
Доставка роллов и суши Ролик,Печора,"Гагарина, 23",65.1193741,57.158126399701,,да,
Доставка роллов и суши Ролик,Подгоренский,"Вокзальная , 20",50.403592,39.640542,,да,да
Доставка роллов и суши Ролик,Полысаево,"Волжская, 5а",54.603753,86.281252,,да,да
Доставка роллов и суши Ролик,Россошь,"проспект Труда, 11 а",50.199427,39.58226,,да,
Доставка роллов и суши Ролик,Самара,"Мечникова, 50 А",53.19024,50.133844,,да,да
Доставка роллов и суши Ролик,Саратов,"Измайлова, 10",51.597182359279,45.959651505491,,да,да
Доставка роллов и суши Ролик,Саратов,"Лисина, 17",51.603060579545,46.0254392152,,да,да
Доставка роллов и суши Ролик,Саратов,"Кутякова, 113",51.543758,45.998531,,да,да
Доставка роллов и суши Ролик,Саратов,"Трынина, 4",51.498297,45.956058,,да,да
Доставка роллов и суши Ролик,Саратов,"Рабочая, 29/39",51.525051,46.021509,,да,да
Доставка роллов и суши Ролик,Саратов,"Усть-Курдюмская, 25",51.575657,46.080125,,да,да
Доставка роллов и суши Ролик,Свободный,"50 лет октября, 36",51.383585,128.130194,,да,
Доставка роллов и суши Ролик,Севастополь,"Площадь Восставших, 4к7",44.600972,33.514401,,да,
Доставка роллов и суши Ролик,Сельцо,"поселок Сельцо, 83",59.625683331739,29.530413150781,,да,да
Доставка роллов и суши Ролик,Сочи,"Транспортная, 2 В",43.605855,39.738351,,да,да
Доставка роллов и суши Ролик,Старый Оскол,"Олимпийский, 63",51.306941,37.8913446,,да,да
Доставка роллов и суши Ролик,Тамбов,"Октябрьская, 11",52.726177,41.452238,,да,да
Доставка роллов и суши Ролик,Тамбов,"Запрудная, д. 8, помещение 5",52.779913,41.406037,,да,да
Доставка роллов и суши Ролик,Троицк Москва,"3-я Нововатутинская , 2",55.521175,37.354707,,да,
Доставка роллов и суши Ролик,Туношна,"Костромская, 17",57.540613,40.121941,,да,да
Доставка роллов и суши Ролик,Усть-Илимск,"Дружбы Народов, 66",57.938001910918,102.73554682731,,да,да
Доставка роллов и суши Ролик,Чебаркуль,"Ленина, 24",54.9781834,60.3677625,,да,
Доставка роллов и суши Ролик,Чебоксары,"пр-т Тракторостроителей, 7",56.099812,47.28693,,да,да
Доставка роллов и суши Ролик,Чернушка,"Подлесная , 2",56.5230153,56.0664511,,да,да
Доставка роллов и суши Ролик,Шира,"Вокзальная , 68б",54.492871,89.959799,,да,да
Доставка роллов и суши Ролик,Электросталь,"Красная, 30 Б",55.786121,38.451074,,да,
Доставка роллов и суши Ролик,Энгельс,"Коммунистическая, 40",51.4996403,46.1233687,,да,да
Доставка роллов и суши Ролик,Юрюзань Трёхгорный,"Советская, 92",54.8535191,58.423435,,да,да
Большой ролл,Ростов-на-Дону,"Еременко, 71/2",47.23266932526,39.624485884354,,да,
Rollissimo,Краснодар,"Гаражная, 104",45.057645,38.971046,,да,
Rollissimo,Краснодар,"Селезнева , 4/15к2",45.026780321682,39.020569599317,,да,
Rollissimo,Краснодар,"Домбайская, 8б",45.071918,39.030047,,да,
Rollissimo,Краснодар,"Гаражная, 104",45.057645,38.971046,,да,
Rollissimo,Краснодар,"Селезнева , 4/15к2",45.026780321682,39.020569599317,,да,
Rollissimo,Краснодар,"Домбайская, 8б",45.071918,39.030047,,да,
rollkultura,Волгодонск,"Ленина, 47",47.519470124682,42.152061960086,,да,
rollking,Тверь,"переулок Спортивный, дом 5, Магазин ТОКИ",56.838767157294,35.898730457672,,да,
"Бесплатная доставка суши, роллов в Челябинске",Челябинск,"Академика Макеева, 36",55.167565,61.271211,,да,
"Бесплатная доставка суши, роллов в Челябинске",Челябинск,"Академика Макеева, 28",55.16758,61.274292,,,
"Доставка халяль еды Казань — роллы, суши, пицц",Казань,"Бигичева, 25А",55.790398,49.224156,,да,
"Доставка халяль еды Казань — роллы, суши, пицц",Казань,"Короленко, 50",55.828942857784,49.098148774022,,да,
"Доставка халяль еды Казань — роллы, суши, пицц",Казань,"Тансык, 7",55.867228,48.877945,,да,
"Доставка халяль еды Казань — роллы, суши, пицц",Набережные челны,"Нариманова, 8",55.719622,52.363579,,да,
Sea Zone official,Брянск,"Фокина, 67",53.244095,34.357155,,да,
Sea Zone official,Воронеж,"Бульвар победы, 50в",51.712262,39.177685,,да,
Sea Zone official,Воронеж,"Спортивна набережная, 4в",51.667417,39.245086,,,
Сайори,Новосибирск,"Мошково, Пушкина, 12",55.305595,83.609554,,,
Сайори,Новосибирск,"Восход, 46",55.019129509535,82.950125529173,,да,
Сайори,Новосибирск,"Горский микрорайон , 78",54.994075256198,82.891019358981,,да,
Сайори,Новосибирск,"Мясниковой, 30",55.110480751745,82.928521629638,,да,да
Сайори,Новосибирск,"Краснообск, 2-й микрорайон , 232",54.922220541439,82.974245982803,,да,да
Сайори,Новосибирск,"Адриена Лежена, 17",55.044471533745,82.980476091926,,да,
Сайори,Новосибирск,"Никольский проспект, 14",54.941520324173,83.202254767943,,да,
Сайори,Новосибирск,"Титова, 236",54.979661,82.810916,,да,
Сайори,Новосибирск,"Зорге, 191",54.935022,82.915965,,да,да
СЕБЕРОЛЛ,Краснодар,"Черкасская, 43",45.065810493112,39.02377249348,,да,
СЕБЕРОЛЛ,Краснодар,"Командорская, 5/2",45.092137,39.033012,,да,
СЕБЕРОЛЛ,Краснодар,"Скрябина, 4",45.064737,38.954571,,да,
СЕБЕРОЛЛ,Краснодар,"Западный обход, 57",45.09703247676,38.908907441803,,да,
СЕБЕРОЛЛ,Ростов-на-Дону,"Комарова, 9/4",47.287752886739,39.710244067994,,да,
Роллы и суши в Краснодаре с доставкой — заказа,Краснодар,"улица Петра Метальникова, 38",45.097715974262,39.002170559524,,да,
Роллы и суши в Краснодаре с доставкой — заказа,Краснодар,"Совхозная , 1к1",45.061303764335,38.943928796295,,да,
Роллы и суши в Краснодаре с доставкой — заказа,Краснодар,"Адмиралтейский бульвар, , 3к3",45.0931668,39.0383526,,да,
Ресторан с быстрой доставкой ролов и пиццы Sёm,Краснодар,"Командорская, 1/1а",45.088796,39.031781,,да,
Ресторан с быстрой доставкой ролов и пиццы Sёm,Сочи,"Ленина, 2",59.986852247692,30.287439823149,,,
Ресторан с быстрой доставкой ролов и пиццы Sёm,Сочи,"Гагарина, 66",43.607363,39.727032,,да,
Ресторан с быстрой доставкой ролов и пиццы Sёm,Сочи,"Крымская, 25а",43.635118,39.698897,,да,
Ресторан с быстрой доставкой ролов и пиццы Sёm,Сочи,"Сверлова, 78",43.430971,39.923386,,да,
Ресторан с быстрой доставкой ролов и пиццы Sёm,Сочи,"Лесная, 5а",43.421523,39.962355,,да,
Ресторан с быстрой доставкой ролов и пиццы Sёm,Сочи,"Бытха, 3/4",43.567715,39.754799,,да,
"Доставка пиццы на Гайве, заказать бесплатно на",Пермь,"Веденеева, 92",58.102436637765,56.388051856483,,да,
Доставка суши Сибирь Имбирь,Томск,"Льва Толстого, 38б",56.483052444687,85.000326533729,,да,да
Доставка суши Сибирь Имбирь,Томск,"79 Гвардейской Дивизии,, 12/1",56.509265,84.97979,,да,да
Шматик - доставка еды в Красноярске по доступн,Красноярск,"Абытаевская, 12",56.04221,92.883671,,да,
Шматик - доставка еды в Красноярске по доступн,Красноярск,"Мате Залки, 10г",56.064062,92.938352,,да,
Шматик - доставка еды в Красноярске по доступн,Красноярск,"Свободный проспект, 77/7",56.0108,92.781335,,да,
Sushi&amp;Rolls by Temerev - Быстрая доставка,Омск,"Красный путь, 105в",55.004489,73.34676,,да,
Sushi&amp;Rolls by Temerev - Быстрая доставка,Омск,"Комарова, 14",54.992854,73.293032,,да,
Sentai 74 пицца и суши,Челябинск,"Скульптора Головницкого, 14",55.207522994482,61.285422894588,,да,да
Суши и роллы с доставкой — Soyzo,Долгопрудный,"Московская, 56к3",55.961233,37.524696,,да,
Суши и роллы с доставкой — Soyzo,Лобня,"Маяковского, 5Ак5",56.009864408221,37.485829941139,,да,
Сытный Привет,Дюртюли,"Уральская, 57/13",55.489039,54.862953,,да,
Сытный Привет,Чайковский,"Приморский бульвар, 36",56.776866570766,54.138177144799,,да,
Сытный Привет,Чернушка,"Ленина, 33",56.50544,56.079991,,да,
Сытный Привет,Янаул,"Ленина, 4а",56.268097,54.935501,,да,
Доставка еды в Ульяновске - Старфуд!,Ульяновск,"Крымова, 63А",54.3201,48.385597,,да,
SPACE SUSHI,Екатеринбург,"8 Марта, 171",56.804496477247,60.612541295238,,да,
SPACE SUSHI,Москва,"Яблочкова, 16",55.819965,37.581469,,да,
SPACE SUSHI,Москва,"Верхняя Радищевская, 13-15",55.743988,37.652274,,да,
SPACE SUSHI,Москва,"Дмитрия Ульянова, 17к2",55.689680239825,37.571688017196,,да,
SPACE SUSHI,Москва,"Розанова , 4",55.772932,37.542545,,да,
СТайм,Ангарск,"22 микрорайон, 42",52.511259156427,103.85024134498,,да,
СТайм,Усолье-сибирское,"Комсомольский проспекn, 66",52.747308873555,103.65013437302,,да,
Доставка суши и пиццы в Пскове,Псков,"Рокоссовского, 44а",57.816728,28.269937,,да,
Суши Тайм - суши и роллы в Краснодаре,Краснодар,"Жигуленко, 13",45.099499,39.005982,,да,да
Суши Тайм - суши и роллы в Краснодаре,Краснодар,"Григория Булгакова , 12к1",45.111357,38.960015,,да,да
СушиКульт,Нижневартовск,"Мира, 31Б",60.942975828388,76.580173338623,,да,
СушиКульт,Тюмень,"Менжинского, 60",57.183432,65.579127,,да,
СушиКульт,Тюмень,"Менжинского, 60",57.183432,65.579127,,да,
Доставка Стромболи Пицца Роллы Бургеры,Лесосибирск,"9 мкр-н, 1Б",58.219723057301,92.506493076056,,да,
sushi,Омск,"Бархатовой, 1",55.048172959925,73.326946991401,,да,
sushi,Омск,"Химиков, 4",55.030277395037,73.286373982803,,да,
sushi,Омск,"Мира , 98к1",55.028980392415,73.250081982803,,да,
sushi,Омск,"Архитекторов, 14/6",54.990298591146,73.30633564418,,да,
sushi,Омск,"Лобкова, 3",54.938618795772,73.383049193777,,да,
sushi,Омск,"Авиагородок, 38",54.950511548587,73.328157490737,,да,
sushi,Омск,"Суровцева , 30",54.942253,73.333699,,да,
РЕКА СУШИ,Большая Мурта,"СОВЕТСКАЯ , 15А",56.912724844399,93.130141058105,,да,
РЕКА СУШИ,Мотыгино,"Советская, 103а",58.182059,94.671471,,да,
РЕКА СУШИ,Раздолинск,"Горняцкая, 10",58.41875,94.616531,,да,
Доставка суши и роллов в Краснодаре - Sushifun,Краснодар,"Уральская, 158/11",45.03801960726,39.092325915344,,да,
Доставка суши и роллов в Краснодаре - Sushifun,Краснодар,"Стасова, 171/2",45.022883,39.042938,,да,
Доставка суши и роллов в Краснодаре - Sushifun,Краснодар,"1 мая, 304",45.069264596296,39.022134195106,,да,
Доставка суши и роллов в Краснодаре - Sushifun,Краснодар,"Кореновская, 1",45.097207883123,38.977719026143,,,
Доставка суши и роллов в Краснодаре - Sushifun,Краснодар,"Тургенева, 109",45.052492346033,38.959201712967,,да,
Доставка суши и роллов в Краснодаре - Sushifun,Краснодар,"Ивана Беличенко, 103",45.103574259154,38.907603492064,,да,
Доставка суши и роллов - Суши Холл,Иркутск,"Красноярская, 57",52.2733079,104.3299162,,да,
Доставка суши и роллов - Суши Холл,Красноярск,"Водопьянова, 13",56.05844795,92.911766214058,,,
Доставка суши и роллов - Суши Холл,Красноярск,"Водопьянова, 13",56.058516984368,92.911782307312,,да,
Доставка суши и роллов - Суши Холл,Красноярск,"Кравченко, 8",56.016818,92.795987,,да,
Суши Лавка - Кемерово,Кемерово,"Тухачевского, 22Ак1",55.336640290182,86.13269013516,,да,
Доставка в Махачкале | Кафе SUSHILIFE | Роллы,Избербаш,"Буйнакского, 83",42.557717,47.878561,,да,
Доставка в Махачкале | Кафе SUSHILIFE | Роллы,Махачкала,"проспект Петра I, 91",42.965976,47.543956,,да,
Доставка в Махачкале | Кафе SUSHILIFE | Роллы,Махачкала,"Азиза Алиева, 18",42.964907,47.490192,,да,
Доставка в Махачкале | Кафе SUSHILIFE | Роллы,Махачкала,"Каммаева, 34А",43.006344,47.452705,,да,
Доставка в Махачкале | Кафе SUSHILIFE | Роллы,Махачкала,"Газопроводная, 8к1",42.966358,47.410961,,да,
Суши и роллы в Ачинске — доставка и самовывоз,Ачинск,"4 микрарайон, 2",56.257218,90.485762,,да,да
Суши и роллы с доставкой в Чите — СушиМан,Агинское,"Татаурова, 18б",51.104334217804,114.54567204147,,да,
Суши и роллы с доставкой в Чите — СушиМан,Атамановка,"Связи, 40а",51.927263,113.639318,,да,да
Суши и роллы с доставкой в Чите — СушиМан,Байкальск,"Микрорайон Гагарина, 217",51.523454,104.15,,да,
Суши и роллы с доставкой в Чите — СушиМан,Борзя,"Карла маркса, 76",50.393567,116.530393,,да,да
Суши и роллы с доставкой в Чите — СушиМан,Дарасун,"п. Дарасун, калинина , 2",51.664026,113.982214,,да,
Суши и роллы с доставкой в Чите — СушиМан,Забайкальск,"Красноармейская, 4а",49.640434,117.333945,,да,
Суши и роллы с доставкой в Чите — СушиМан,Карымское,"Ленинградская улица, 36",51.6266251,114.3506808,,да,
Суши и роллы с доставкой в Чите — СушиМан,Краснокаменск,"Ветеранов, 5",50.090009,118.027345,,да,
Суши и роллы с доставкой в Чите — СушиМан,Могоча,"Садовая, 5",53.734901,119.76475,,да,
Суши и роллы с доставкой в Чите — СушиМан,Нерчинск,"Советская, 50",51.976750898915,116.59249036072,,да,
Суши и роллы с доставкой в Чите — СушиМан,Новосибирск,"Красный проспект, 309",55.10875815,82.927057218918,,да,
Суши и роллы с доставкой в Чите — СушиМан,Петровск-Забайкальский,"Ленина, 13",51.253135,108.822884,,да,
Суши и роллы с доставкой в Чите — СушиМан,Хилок,"Калинина, 10",51.363946,110.460521,,да,да
Суши и роллы с доставкой в Чите — СушиМан,Чернышевск,"Журавлева, 42",52.514659,117.015519,,да,
Суши и роллы с доставкой в Чите — СушиМан,Чита,"Проспект советов, 1",52.032284,113.447393,,да,
Суши и роллы с доставкой в Чите — СушиМан,Чита,"мкр ТУСМ-4, 7",51.976803,113.273461,,да,
Суши и роллы с доставкой в Чите — СушиМан,Чита,"Ручейная, 7с1",52.133623,113.491132,,да,
Суши и роллы с доставкой в Чите — СушиМан,Шилка,"Балябина, 75",51.852531,116.03111208847,,да,
sushimix,Гигант,"Королева, 45",46.508085,41.342706,,да,да
sushimix,Донское,"Советская, 11Ж",45.45673,41.97671,,да,да
sushimix,Изобильный,"Сиреневая, 21",45.376596,41.717331,,да,да
sushimix,Ипатово,"Московская, 43",45.709641,42.909763,,да,да
Сушистик,Натухаевская,"Курганная , 93А",44.914851,37.58464,,да,
sushinson,Тула,"Горького, 1В",54.21262500952,37.628368093254,,да,
Доставка суши и роллов в Саранске | Сушин Дом,Саранск,"Васенко, 11",54.1952931,45.169458494386,,да,
Pushka - сеть доставок,Балахта,"Ерофеева, 2",55.381539807154,91.623920228786,,да,
Pushka - сеть доставок,Ужур,"Кирова, 19",55.31992,89.844698,,да,
"Доставка суши и роллов в Кемерово – Свежие, вк",Кемерово,"Пролетарская, 22",55.3381997,86.071127827595,,да,
Sushi Tori Bar - вкусные блюда на доставку и с,Нововаршавка,"Красный Путь, 20",54.172358185352,74.694218141812,,да,
Sushi Tori Bar - вкусные блюда на доставку и с,Черлак,"Ленина , 101А",54.152166,74.799031,,да,
«Sushi Shef» еда с доставкой - Официальный сай,Волгодонск,"Курчатова , 48 Д",47.529153,42.201585,,да,
«Sushi Shef» еда с доставкой - Официальный сай,Волгодонск,"Степная, 163",47.503402132807,42.165959846557,,да,да
«Sushi Shef» еда с доставкой - Официальный сай,Волгодонск,"Гагарина, 66 а",47.527370104231,42.234168839286,,да,
«Sushi Shef» еда с доставкой - Официальный сай,Зимовники,"Богдановский, 6",47.1430535,42.4672108,,да,да
«Sushi Shef» еда с доставкой - Официальный сай,Константиновск,"Коммунистическая, 85А",47.576092786168,41.097727628151,,да,да
«Sushi Shef» еда с доставкой - Официальный сай,Котельниково,"Северная, 3",47.649559,43.138699,,да,да
«Sushi Shef» еда с доставкой - Официальный сай,Новочеркасск,"Баклановский, 120",47.422613,40.067341,,да,да
«Sushi Shef» еда с доставкой - Официальный сай,Новочеркасск,"Калинина, 60",47.485742,40.085559,,да,
«Sushi Shef» еда с доставкой - Официальный сай,Орловский,"пер.Первой Конной Армии, 24А",46.8673070786,42.034439166436,,да,да
«Sushi Shef» еда с доставкой - Официальный сай,Сальск,"Коломийцева , 45",46.474769908104,41.532187455925,,да,
«Sushi Shef» еда с доставкой - Официальный сай,Семикаракорск,"пр. Закруткина , 35",47.524299771266,40.815353992007,,да,да
«Sushi Shef» еда с доставкой - Официальный сай,Таганрог,"Парковый , 8",47.236809739376,38.918842855155,,да,
«Sushi Shef» еда с доставкой - Официальный сай,Цимлянск,"Буденного, 1 г",47.641817314607,42.089869214427,,да,
Сушняк,Новомосковск,"Березовая, 13",54.012718,38.284832,,да,да
Temaki — сеть кафе и быстрой доставки японской,Улан-Удэ,"Ключевская, 6Б",51.822359905981,107.63412047033,,да,
Temaki — сеть кафе и быстрой доставки японской,Улан-Удэ,"Жердева, 42",51.81001655,107.65760996281,,да,
Temaki — сеть кафе и быстрой доставки японской,Улан-Удэ,"Терешковой, 7А",51.808528,107.607499,,да,
Temaki — сеть кафе и быстрой доставки японской,Улан-Удэ,"Ленина, 44",51.83029365,107.58502965316,,да,
Temaki — сеть кафе и быстрой доставки японской,Улан-Удэ,"Гагарина, 37А",51.841225,107.590341,,да,
Temaki — сеть кафе и быстрой доставки японской,Чита,"Николая  Островского, 13",52.0274274,113.51109196805,,да,
Томат и Чеддер пицца - сеть пиццерий с доставк,Красноярск,"Коммунальная, 8а",56.00549,92.935908,,да,
Томат и Чеддер пицца - сеть пиццерий с доставк,Красноярск,"Киренского, 89",56.019022,92.797424,,да,
Томат и Чеддер пицца - сеть пиццерий с доставк,Красноярск,"78 Добровольческой Бригады, 21",56.0455851,92.9048109,,да,
Томат и Чеддер пицца - сеть пиццерий с доставк,Красноярск,"40 лет Победы, 1/3",56.113246,92.934777,,да,
Томат и Чеддер пицца - сеть пиццерий с доставк,Москва,"Воронежская, 7",55.610138,37.72767,,да,
Томат и Чеддер пицца - сеть пиццерий с доставк,Петропавловск-камчатский,"Озерновская Коса, 11",53.028343,158.640171,,да,
Tykwa,Балашиха,"Свердлова, 41",55.830189,37.969972,,да,да
todoki,Бакал,"Октябрьская , 8",54.9412041,58.8106835,True,да,да
todoki,Сатка,"Индустриальная , 3",55.041668,58.977435,,да,
tokiway | Доставка роллов с ресторанной подаче,Биробиджан,"Советская, 60б",48.777762,132.940664,,да,
tokiway | Доставка роллов с ресторанной подаче,Комсомольск-на-Амуре,"Народная, 13",50.538435,136.977145,,да,
tokiway | Доставка роллов с ресторанной подаче,Хабаровск,"Воронежская, 38а",48.50634,135.069069,,да,
tokiway | Доставка роллов с ресторанной подаче,Хабаровск,"Ворошилова, 29Б",48.391245671674,135.1110683583,,да,
Томат &amp; Сёмга,Нефтекамск,"Юбилейный проспект , 17а",56.090674003021,54.237651737434,,да,
Торидо,Ачинск,"Кравченко, 30с15",56.257243,90.484253,,да,да
Торидо,Ачинск,"4 микрорайон, 16/1",56.255838697623,90.496524476196,,да,да
Totoro-Sushi | Роллы Nikkei в Омске,Омск,"Волочаевская , 15А",54.995896,73.355016,,да,
Суши и роллы в Омске,Омск,"Улица, 1",56.594697,84.945735,,,
Суши и роллы в Омске,Омск,"Перелета, 29",55.003146,73.304108,,да,
Суши и роллы в Омске,Омск,"10 Лет Октября, 70",54.984123733455,73.394956378288,,да,
"Cуши Красноярск, роллы с доставкой от 600 рубл",Красноярск,"Республики, 66",56.016430952086,92.845028618385,,да,
"Cуши Красноярск, роллы с доставкой от 600 рубл",Красноярск,"9 мая, 55",56.059789066864,92.917731898147,,да,
"Cуши Красноярск, роллы с доставкой от 600 рубл",Красноярск,"Мартынова, 24",56.038410700526,92.873687612441,,да,
"Cуши Красноярск, роллы с доставкой от 600 рубл",Красноярск,"Павлова, 55",55.992902271366,92.942919525131,,да,
"Cуши Красноярск, роллы с доставкой от 600 рубл",Красноярск,"просп. имени газеты Красноярский рабочий, 79",56.005059135929,92.941935338622,,да,
"Cуши Красноярск, роллы с доставкой от 600 рубл",Красноярск,"Курчатова, 15б",56.017025,92.77909,,да,
"Cуши Красноярск, роллы с доставкой от 600 рубл",Красноярск,"Карамзина, 21",55.987256,92.85727,,да,
"Cуши Красноярск, роллы с доставкой от 600 рубл",Красноярск,"Апрельская, 7",55.993872,92.984579,,да,
"tykwafood |заказать еду с доставкой, tykwafood",Балашиха,"Свердлова, 41",55.830189,37.969972,,да,да
ukusimenya,Красноярск,"Судостроительная , 98",55.984830433372,92.866991728836,,да,
"Суши, Пицца, Роллы с доставкой - Веррес в Бело",Белорецк,"Ленина, 38",53.974164373598,58.411498771164,,да,да
ВКУСИ СУСИ - Роллы и пицца с доставкой в Костр,КОСТРОМА,"Ленина, 2",59.986852247692,30.287439823149,,,
ВКУСИ СУСИ - Роллы и пицца с доставкой в Костр,КОСТРОМА,"Советская, 92",57.759508845785,40.957826209133,,да,да
Вилки Палки,Краснодар,"ул. Архитектора Ишунина, 6",45.0649428,38.9571064,,да,
Вокорольная,Белгород,"Апанасенко, 95А",50.583325,36.566184,,да,да
Ямамото,Санкт-Петербург,"пр. Просвещения, 84 ",60.036332506574,30.417699767211,,да,да
Янагиба - ресторан доставки японской кухни,Иркутск,"Лермонтова, 1",52.277924,104.252678,,да,
Янагиба - ресторан доставки японской кухни,Чита,"Шилова, 46",52.059004910115,113.49474629762,,да,
Wok n Roll,Миасс,"Бульвар Карпова , 2а",55.049389038739,60.098102373016,,да,
vrolyah,Дегтярск,"Калинина, 54",56.69481725,60.0882752,,да,
vrolyah,Первоуральск,"Ленина, 5а/1",56.906767,59.952322,,да,
vrolyah,Ревда,"ул. М.Горького, 9",56.804081,59.909769,,да,да
wellfood,Впишите название своего города,"Ленина, 2",59.986852247692454,30.28743982314908,,да,да
wellfood,Впишите название своего города,"Улица, 1",56.594697,84.945735,,да,да
"UP SUSHI | Быстрая доставка суши, роллов и пиц",Балашиха,"проспект Героев, 6",55.741432308669,38.001979771826,,да,да
"UP SUSHI | Быстрая доставка суши, роллов и пиц",Балашиха,"Колдунова, 1",55.822044002055,37.939410697097,,да,да
"UP SUSHI | Быстрая доставка суши, роллов и пиц",Битца,"Южный бульвар, 7",55.559303575719,37.600355031738,,да,да
"UP SUSHI | Быстрая доставка суши, роллов и пиц",Боброво,"Лесная , 16к1",55.536744971017,37.619833426626,,да,да
"UP SUSHI | Быстрая доставка суши, роллов и пиц","Домодедово, с. Ям","Мезенцева, 9",55.494823117201,37.738598720237,,да,да
"UP SUSHI | Быстрая доставка суши, роллов и пиц",Дрожжино,"Южная, 7",55.523001468483,37.584160374342,,да,да
"UP SUSHI | Быстрая доставка суши, роллов и пиц",Коробово,"Взлетная , 3",55.5276143542,37.823208863979,,да,да
"UP SUSHI | Быстрая доставка суши, роллов и пиц",Котельники,"Сосновая, 1к4",55.671509758282,37.856897843988,,да,да
"UP SUSHI | Быстрая доставка суши, роллов и пиц",Котельники,"Микрорайон Парковый, 11",55.656782935117,37.87379081883,,да,да
"UP SUSHI | Быстрая доставка суши, роллов и пиц",Красногорск,"Архангельская, 6",55.773285899937,37.237674882278,,да,да
"UP SUSHI | Быстрая доставка суши, роллов и пиц",Красногорск,"Тенистых Аллей, 1к4",55.800805528851,37.376397339127,,да,да
"UP SUSHI | Быстрая доставка суши, роллов и пиц",Люберцы,"Камова, 9к1",55.698926995009,37.957739084655,,да,да
"UP SUSHI | Быстрая доставка суши, роллов и пиц",Люберцы,"8 марта, 14к2",55.699619408929,37.880583500663,,да,да
"UP SUSHI | Быстрая доставка суши, роллов и пиц",Люберцы,"Рождественская, 8",55.680123913506,37.917343091924,,да,да
"UP SUSHI | Быстрая доставка суши, роллов и пиц",Люберцы,"Лётчика Ларюшина, 6",55.676121659279,37.865205625655,,да,да
"UP SUSHI | Быстрая доставка суши, роллов и пиц",Мисайлово,"Молодежный бульвар, 6",55.558856158808,37.816453339948,,да,да
"UP SUSHI | Быстрая доставка суши, роллов и пиц",Мисайлово,"Пригородное шоссе, 16",55.555771982238,37.806942304229,,да,да
"UP SUSHI | Быстрая доставка суши, роллов и пиц",Молоково,"Ново-Молоковский бульвар, 10",55.563202621352,37.853597387171,,да,да
"UP SUSHI | Быстрая доставка суши, роллов и пиц",Москва,"Аэростатная, 6к6",55.589029886783,37.169142711637,,да,да
"UP SUSHI | Быстрая доставка суши, роллов и пиц",Москва,"Лобненская, 13к2",55.888174787151,37.527740882278,,да,да
"UP SUSHI | Быстрая доставка суши, роллов и пиц",Москва,"Люблинская, 80к4",55.660513503477,37.733127474868,,да,да
"UP SUSHI | Быстрая доставка суши, роллов и пиц",Москва,"Поляны, 5Ак1",55.554827152112,37.55475192527,,да,да
"UP SUSHI | Быстрая доставка суши, роллов и пиц",Москва,"Малое Понизовье, 4",55.603056483447,37.414051611112,,да,да
"UP SUSHI | Быстрая доставка суши, роллов и пиц",Москва,"Муравская, 38Бк4",55.8622064082,37.374661171645,,да,да
"UP SUSHI | Быстрая доставка суши, роллов и пиц",Москва,"Тагильская , 4А",55.818103,37.752868,,да,да
"UP SUSHI | Быстрая доставка суши, роллов и пиц",Москва,"проспект Куприна, 24к1",55.544596,37.480525,,да,да
"UP SUSHI | Быстрая доставка суши, роллов и пиц",Москва,"Михайлова, 30Ак4",55.723415801817,37.777486958336,,да,да
"UP SUSHI | Быстрая доставка суши, роллов и пиц",Москва,"Годовикова, 11к4",55.809889,37.624723,,да,да
"UP SUSHI | Быстрая доставка суши, роллов и пиц",Москва,"Николая Озерова , 8к1",55.815021573474,37.430705127647,,да,да
"UP SUSHI | Быстрая доставка суши, роллов и пиц",Москва,"Прокшинский проспект, 7",55.591859105379,37.431793205031,,да,да
"UP SUSHI | Быстрая доставка суши, роллов и пиц",Москва,"Рязанский проспект, 2/1к2",55.728430814562,37.73771382936,,да,да
"UP SUSHI | Быстрая доставка суши, роллов и пиц",Москва,"Уточкина, 5к1",55.474050759591,37.527624298286,,да,да
"UP SUSHI | Быстрая доставка суши, роллов и пиц",Москва,"проспект Куприна, 3к6",55.555989653042,37.500162034839,,да,да
"UP SUSHI | Быстрая доставка суши, роллов и пиц",Москва,"Базовская, 15Бк3",55.880250630002,37.50533241468,,да,да
"UP SUSHI | Быстрая доставка суши, роллов и пиц",Москва,"Амурская, 2к1",55.804796838345,37.750685671301,,да,да
"UP SUSHI | Быстрая доставка суши, роллов и пиц",Москва,"Измайловский проезд, 5/1к2",55.797513779202,37.76462593254,,да,да
"UP SUSHI | Быстрая доставка суши, роллов и пиц",Москва,"1-й Котляковский переулок, 2Ак1",55.652128639395,37.628854160713,,да,да
"UP SUSHI | Быстрая доставка суши, роллов и пиц",Москва,"Братьев Бромлей, 5к1",55.568326956954,37.290181425933,,да,да
"UP SUSHI | Быстрая доставка суши, роллов и пиц",Москва,"Малая Очаковская, 7",55.668543657273,37.43997916931,,да,да
"UP SUSHI | Быстрая доставка суши, роллов и пиц",Москва,"1-й Грайвороновский проезд, 7Ак3",55.720384110735,37.722677746032,,да,да
"UP SUSHI | Быстрая доставка суши, роллов и пиц",Москва,"квартал № 160, 1Вк4",55.552652935956,37.476264882179,,да,да
"UP SUSHI | Быстрая доставка суши, роллов и пиц",Москва,"Перовское шоссе, 2к2",55.734263855807,37.741065433204,,да,да
"UP SUSHI | Быстрая доставка суши, роллов и пиц",Московский,"Москвитина, 9к2",55.598524841767,37.364067050262,,да,да
"UP SUSHI | Быстрая доставка суши, роллов и пиц",Мытищи,"Стрельбище Динамо, 10",55.946532727212,37.768182326916,,да,да
"UP SUSHI | Быстрая доставка суши, роллов и пиц",Одинцово,"Рябиновая, 5",55.65648714146,37.26340412209,,да,да
"UP SUSHI | Быстрая доставка суши, роллов и пиц",Одинцово,"Северная, 9",55.682456681344,37.246514930384,,да,да
"UP SUSHI | Быстрая доставка суши, роллов и пиц",Одинцово,"бульвар Эйнштейна, 1",55.70161722161,37.358371072852,,да,да
"UP SUSHI | Быстрая доставка суши, роллов и пиц",Пушкино,"Сретенская, 2",56.025774506671,37.86212964418,,да,да
"UP SUSHI | Быстрая доставка суши, роллов и пиц",Развилка,"Римский проезд, 15",55.597721145414,37.771592279761,,,
"UP SUSHI | Быстрая доставка суши, роллов и пиц",Сапроново,"квартал Центральный, 1",55.531871,37.721885,,да,да
"UP SUSHI | Быстрая доставка суши, роллов и пиц",Тюмень,"Харьковская, 72А",57.138402205791,65.600793939811,,да,да
"UP SUSHI | Быстрая доставка суши, роллов и пиц",Тюмень,"Фармана Салманова, 16",57.119889009783,65.49773108,,да,да
Быстрый Японец. Доставка и самовывоз суши и ро,Калуга,"65 лет Победы, 4",54.488389,36.197273,,да,
Быстрый Японец. Доставка и самовывоз суши и ро,Тула,"Каминского, 24В",54.191542,37.613413,,да,
Быстрый Японец. Доставка и самовывоз суши и ро,Тула,"Восточная, 13",54.176752,37.653092,,да,
Японика,Новоорск,"переулок Парковый, 9",51.380537286097,58.993545101852,,да,да
Японика,Орск,"Краматорская, 10б",51.223408840513,58.491835813492,,да,да
Японика,Ясный,"Северная, 1",51.036374241042,59.883499136245,,да,да
Мама Нори,Белгород,"Народный бульвар, 43",50.599256,36.597293,,да,
Мама Нори,Белгород,"Бульвар Юности, 5Б",50.560928,36.56551,,да,
Мама Нори,Воронеж,"Юлюса Янониса, 1",51.651265,39.143594,,да,да
Мама Нори,Воронеж,"Владимира Невского, 483/10",51.71781543116,39.173027109873,,да,да
Мама Нори,Воронеж,"Артамонова, 38д к2",51.714868,39.268451,,да,да
Мама Нори,Курск,"Бойцов 9-й Дивизии, 185",51.725865,36.138101,,да,
За уши,Чита,"Костюшко- Григоровича, 48/1",52.039624,113.493009,,да,
yappi,Армавир,"Новороссийская, 137а",44.994481,41.08347,,да,
yappi,Белореченск,"Ленина, 159а",44.769662626736,39.864101599319,,да,
yappi,Майкоп,"Пионерская, 417а",44.612507261874,40.056731755087,,да,
yappi,Майкоп,"Советская, 172",44.60562215097,40.109737620067,,да,
yappi,Новороссийск,"Южная, 18",44.67666254685,37.791948485263,,да,
yappi,Пятигорск,"Ессентукская, 29б",44.046769681662,43.035166255772,,да,
yappi,Яблоновский,"Шоссейная, 75",45.000720474296,38.93386165734,,да,
yoyu,Екатеринбург,"Хохрякова, 74",56.8265605,60.5944222,,да,да
Доставка суши и роллов | Акиана,Брянск,"Крахмалева, 49",53.263091343286,34.34129559259,,да,
Доставка суши и роллов | Акиана,Брянск,"3 интернационала, 2",53.310516828186,34.304736166904,,да,
Суши и роллы с доставкой в Краснодаре | Дикий,Краснодар,"им. Героя Яцкова И.В., 17",45.070025398977,39.040625898147,,да,
Суши и роллы с доставкой в Краснодаре | Дикий,Краснодар,"Ставропольская, 125/4",45.0218925,39.0239713,,да,
Суши и роллы с доставкой в Краснодаре | Дикий,Краснодар,"Восточно-Кругликовская, 26",45.049029,39.028107,,да,
Доставка пиццы в Балашове — Вольта Пицца,Балашов,"Энтузиастов, 1А",51.550087,43.221263,,да,
Служба доставки еды Шеф,Ижевск,"9-я Подлесная, 11к1",56.873633,53.196848,,да,
Служба доставки еды Шеф,Набережные Челны,"Сармановский тракт, 27",55.692166,52.333764,,да,да
Служба доставки еды Шеф,Набережные Челны,"Московский проспект, 147А",55.740527,52.423731,,да,
Служба доставки еды Шеф,Набережные Челны,"Шамиля Усманова, 5Б",55.723404,52.371799,,да,
Служба доставки еды Шеф,Набережные Челны,"Абдурахмана Абсалямова, 15А",55.762674606123,52.461403203705,,да,
Доставка еды – Неместные,Богородицк,"Пушкинская, 42",53.772935,38.129594,,да,
Доставка еды – Неместные,Болохово,"Мира , 9",54.082320464147,37.826443129471,,да,
Доставка еды – Неместные,Грязи,"40 лет Октября, 23А",52.500998618231,39.946809664207,,да,
Доставка еды – Неместные,Данков,"Карла Маркса, 23",53.24576880279,39.135607643756,,да,
Доставка еды – Неместные,Елец,"Мира, 90",52.62119716721,38.500793786764,,да,
Доставка еды – Неместные,Ефремов,"Мира, 7",53.151862,38.086026,,да,
Доставка еды – Неместные,Королев,"Маяковского, 2",55.929237799992,37.844093510352,,да,
Доставка еды – Неместные,Королев,"Станционная площадь, 25",55.926928,37.86195,,да,
Доставка еды – Неместные,Лебедянь,"Интернациональная, 37",53.015635,39.131584,,да,
Доставка еды – Неместные,Ливны,"Фрунзе, 1Б",52.428074232439,37.59681844565,,да,
Доставка еды – Неместные,Липецк,"Хренникова, 4",52.59443,39.493156,,да,
Доставка еды – Неместные,Липецк,"50 лет НЛМК, 4а",52.591706,39.594737,,да,
Доставка еды – Неместные,Липецк,"Петра Смородина , 9а",52.590754,39.540722,,да,
Доставка еды – Неместные,Липецк,"Газина, 4",52.634696,39.659515,,да,
Доставка еды – Неместные,Мичуринск,"Советская, 275",52.896471,40.505,,да,да
Доставка еды – Неместные,Рассказово,"Воронежская, 6а",52.655426031971,41.884613814039,,да,
Доставка еды – Неместные,Тула,"Михеева, 31",54.175309204923,37.613718595353,,да,
Доставка еды – Неместные,Тула,"Кирова, 12к2",54.196463846837,37.647996651834,,да,
Доставка еды – Неместные,Узловая,"Гагарина, 20",53.979250952598,38.164264654607,,да,
Доставка еды – Неместные,Щекино,"Лизы Шамшиковой, 30",54.007861143486,37.525607845308,,да,
Папа Суши - роллы с доставкой от 30 минут &#x2,Кемерово,"Октябрский , 68к2",55.354717726317,86.163669143513,,да,
Папа Суши - роллы с доставкой от 30 минут &#x2,Кемерово,"Шахтеров, 81б",55.398835,86.114884,,да,
Папа Суши - роллы с доставкой от 30 минут &#x2,Кемерово,"Красноармейская , 123",55.3483883,86.0842401,,да,
Папа Суши - роллы с доставкой от 30 минут &#x2,Кемерово,"40 лет Октября , 1",55.392045,85.998363,,да,
Папа Суши - роллы с доставкой от 30 минут &#x2,Новокузнецк,"Строителей, 84а",53.776931,87.129845,True,да,
Папа Суши - роллы с доставкой от 30 минут &#x2,Новокузнецк,"Авиаторов, 35а",53.899424,87.120476,True,да,
Папа Суши - роллы с доставкой от 30 минут &#x2,Новокузнецк,"Тореза, 79",53.824287,87.163074,,да,
Папа Суши - роллы с доставкой от 30 минут &#x2,Новокузнецк,"Новобайдаевская, 2/5",53.781368,87.293366,,да,
Доставка пиццы и роллов в Екатеринбурге и Верх,Верхняя Пышма,"Орджоникидзе, 16",56.974033,60.581628,,да,да
Доставка пиццы и роллов в Екатеринбурге и Верх,Екатеринбург,"Лобкова, 50",56.898608,60.636219,,да,
Доставка пиццы и роллов в Екатеринбурге и Верх,Екатеринбург,"Рябинина, 21",56.79613635,60.510664408164,,да,да
Быстрая и бесплатная доставка роллов из лучших,Брянск,"Проспект ленина, 8",53.237181,34.357164,,да,
Быстрая и бесплатная доставка роллов из лучших,Брянск,"Никитина, 5",53.262358072876,34.413375347221,,да,
Быстрая и бесплатная доставка роллов из лучших,Брянск,"3-го интернационала, 6А",53.308746,34.302807,,да,
Быстрая и бесплатная доставка роллов из лучших,Владимир,"Горького, 44",56.140614680692,40.399442788391,,да,
Быстрая и бесплатная доставка роллов из лучших,Вологда,"Мира, 14",59.220381,39.886959,,да,
Быстрая и бесплатная доставка роллов из лучших,Вязьма,"Красноармейское шоссе, 21",55.19777219668,34.316822288257,,да,
Быстрая и бесплатная доставка роллов из лучших,Десногорск,"3ий микрорайон, 34/1 ТЦ Мармелад",54.152899,33.277515,,да,
Быстрая и бесплатная доставка роллов из лучших,Калуга,"Суворова, 158",54.514175,36.268465,,да,
Быстрая и бесплатная доставка роллов из лучших,Псков,"Яна фабрициуса, 2/17",57.808161,28.340652,,да,
Быстрая и бесплатная доставка роллов из лучших,Ржев,"большая Спасская , 43/72",56.250712,34.327897,,да,
Быстрая и бесплатная доставка роллов из лучших,Рославль,"Урицкого, 14 а",53.945147,32.858262,,да,
Быстрая и бесплатная доставка роллов из лучших,Сафоново,"Советская, 6/8",55.109868619637,33.246352554404,,да,
Быстрая и бесплатная доставка роллов из лучших,Смоленск,"Микрорайон королёвка, 7А",54.813672412057,32.024362206358,,да,
Быстрая и бесплатная доставка роллов из лучших,Смоленск,"Юбилейная, 5а",54.789519,32.082001,,да,
Быстрая и бесплатная доставка роллов из лучших,Смоленск,"Багратиона, 25/2",54.780626,32.022622,,да,
Быстрая и бесплатная доставка роллов из лучших,Торжок,"Дзержинского , 80",57.043238,34.969069,,да,
Быстрая и бесплатная доставка роллов из лучших,Череповец,"Советский, 74",59.1271296,37.9322642,,да,
Быстрая и бесплатная доставка роллов из лучших,Ярцево,"Максима Горького, 27",55.062761,32.691966,,да,
Поль Бейкери,Екатеринбург,"Краснолесья , 133",56.793419516699,60.520366755958,,да,да
Поль Бейкери,Екатеринбург,"Золотистый бульвар, 7",56.745206,60.563536,,да,да
Поль Бейкери,Екатеринбург,"Павла Шаманова , 5/5",56.784285974708,60.518956753303,,да,да
Поль Бейкери,Екатеринбург,"8 марта, 149",56.806905,60.612324,,да,да
Доставка роллов и пиццы Суши Мама,Новоспасское,"Мичурина, 30",53.149635836145,47.759660482403,,да,
Доставка роллов и пиццы Суши Мама,Сызрань,"проспект 50 лет Октября, 51",53.120583,48.402099,,да,
Доставка роллов и пиццы Суши Мама,Сызрань,"Ульяновское шоссе, 19А",53.18009,48.48981,,да,
Доставка роллов и пиццы Суши Мама,Тольятти,"Фермерская, 1стр3",53.523727,49.195383,,да,
"Суши от Илюши | Качественная доставка суши, ро",Краснодар,"Боспорская улица, 2",45.073002493153,39.036614355819,,да,
"Суши от Илюши | Качественная доставка суши, ро",Краснодар,"Западный Обход, 39/1к6",45.091660170709,38.903199101852,,да,
Доставка еды в Глазове — заказать онлайн | Суш,Глазов,"Кирова, 51",58.14167518689,52.641965628622,,,
Доставка еды в Глазове — заказать онлайн | Суш,Глазов,"Буденного, 1",58.136867,52.687584,,,
Доставка суши и роллов в Абакане. Заказать рол,Абакан,"Щетинкина, 76",53.7325997,91.441189526724,,да,да
Сушиман,Люберцы,"Егорьевское шоссе, с2",55.65819,37.922775,,да,да
Сушиман,Москва,"Ореховый бульвар, 47/33",55.614587,37.746517,,да,да
Сушиман,Москва,"Знаменские садки, 1б",55.571403,37.573914,,да,да
Сушиман,Москва,"Эдварда Грига, 16к1",55.555138,37.505112,,да,да
Сушиман,Москва,"Симферопольский бульвар , 37к1",55.642031636719,37.613555150848,,да,да
Сушиман,Москва,"Бульвар Маршала Рокоссовского, 31",55.815691,37.715686,,да,да
Доставка суши и роллов в Барнауле — заказать о,Барнаул,"Советской Армии , 95а",53.349338811068,83.726641021745,,да,
Доставка суши и роллов в Барнауле — заказать о,Барнаул,"Энтузиастов , 69",53.356224,83.6594922,,да,
Сытый Король,Краснодар,"Шевелёва, 2",45.072465,39.0393,,да,
Сытый Король,Краснодар,"Ковалёва, 46",45.067156,38.949936,,да,
Сытый Король,Краснодар,"Мачуги, 6/2к1",45.011217,39.069079,,да,
Сытый Король,Краснодар,"Западный обход, 45/3",45.095248,38.904876,,да,
Сытый Король,Краснодар,"Селезнёва, 4/15, корп. 2",45.026428713404,39.020505392338,,да,
Сытый Король,Краснодар,"Восточно-Кругликовская, 30/1",45.0497605,39.03007925,,да,
Сытый Король,Краснодар,"Булгакова, 10",45.110625,38.958308,,да,
Сытый Король,Краснодар,"Жигуленко, 13",45.099738221748,39.006017982659,,да,
Сытый Король,Краснодар,"Командорская, 6а",45.091679,39.034755,,да,
Сытый Король,Краснодар,"Ивана Беличенко, 92 корп2",45.102775,38.903879,,да,
Сытый Король,Краснодар,"Казбекская, 16",45.0651856,38.9546978,,да,
Сытый Король,Краснодар,"Платановый бульвар, 3/1",45.0325148,38.9113066,,да,
Сытнофф,Асбест,"Плеханова, 7/1",57.009117657077,61.439254760573,,да,
Сытнофф,Каменск-Уральский,"Октябрьская, 43",56.379260843758,61.944557253531,,да,
Сытнофф,Каменск-Уральский,"Ленинградская, 26А",56.436589503266,61.849755367617,,да,
Сытнофф,Каменск-Уральский,"Кунавина , 2",56.416381,61.912339,,да,
СушиМанят,Нижний Тагил,"Проспект Мира, 38",57.9140995,59.9799135,,да,
СушиМанят,Нижний Тагил,"Черноисточинское шоссе, 25",57.87557753352,59.941349626709,,да,
СушиМанят,Нижний Тагил,"Проспект Вагоностроителей, 20Б",57.919648134251,60.109570271164,,да,
ТАН-ДЕМ СУШИ ЗАКАЖИ ОКЕАН УДОВОЛЬСТВИЯ,Юрга,"Никитина, 69а",55.710129,84.910917,,да,
Сушитека - доставка суши и роллов!.,Архангельск,"Ломоносова, 107",64.534992,40.534483,,да,
Сушитека - доставка суши и роллов!.,Домодедово,"Ленина, 2",55.336247,37.849886,,,
Сушитека - доставка суши и роллов!.,Домодедово,"Курыжова, 7",55.402837208688,37.766497516919,,да,да
Сушитека - доставка суши и роллов!.,Дрожжино,"Новое шоссе, 2к2",55.525586046732,37.585741281508,,да,да
Сушитека - доставка суши и роллов!.,Малаховка,"Быковское шоссе, 37В",55.625226529011,38.007845711639,,да,да
Сушитека - доставка суши и роллов!.,Мисайлово,"Литературный бульвар, 4",55.558507704975,37.813753982803,,да,да
Сушитека - доставка суши и роллов!.,Щербинка,"Барышевская роща, 18",55.503162283613,37.536644423278,,да,да
"Доставка суши, роллов и сетов на дом | Томми Ф",Пермь,"Бульвар Гагарина, 55",58.009635,56.283432,,да,
"Доставка суши, роллов и сетов на дом | Томми Ф",Пермь,"Автозаводская, 30",58.004023561494,55.944647396849,,да,
"Доставка суши, роллов и сетов на дом | Томми Ф",Пермь,"Вильямса, 14",58.103751,56.298748,,да,
"Доставка суши, роллов и сетов на дом | Томми Ф",Пермь,"Лукоянова, 28А",57.958652,56.230099,,да,
"Доставка суши, роллов и сетов на дом | Томми Ф",Пермь,"Целинная, 39",58.05316,56.351839,,да,
"Доставка суши, роллов и сетов на дом | Томми Ф",Пермь,"Подлесная, 43а",57.996535,56.163363,,да,
"Доставка суши, роллов и сетов на дом | Томми Ф",Пермь,"Краснофлотская, 11/1",58.000679,56.237007,,,
"Доставка суши, роллов и сетов на дом | Томми Ф",Сыктывкар,"Советская, 52",61.666483,50.844465,,да,
"Доставка суши, роллов и сетов на дом | Томми Ф",Чайковский,"Промышленная, 11 к.10",56.768408,54.122193,,да,
Ханай,Кемерово,"Ленина, 66б",55.345612862268,86.108589380286,,да,
Ханай,Кемерово,"Севастопольская, 6",55.389723516675,86.004205977246,,да,
Доставка суши и роллов - Японский Домик,Ачинск,"3-й микрорайон, 20",56.260875049769,90.49916659161,,да,
Доставка суши и роллов - Японский Домик,Бердск,"Ленина, 67",54.760161292006,83.105631640779,,да,
Доставка суши и роллов - Японский Домик,Красноярск,"Новосибирская, 7",56.018178782931,92.821717513409,,да,
Доставка суши и роллов - Японский Домик,Красноярск,"Карамзина, 18",55.988405040148,92.854672137884,,да,
Доставка суши и роллов - Японский Домик,Красноярск,"Аэровокзальная, 1а",56.026986204593,92.90796761916,,да,
Доставка суши и роллов - Японский Домик,Новосибирск,"Выборная, 118/1",54.999130967802,83.008289127003,,да,
Доставка суши и роллов - Японский Домик,Новосибирск,"Мясниковой, 29",55.105347629618,82.935111684481,,да,
Доставка суши и роллов - Японский Домик,Новосибирск,"Дуси Ковальчук, 260",55.05812492267,82.910004335366,,да,
Доставка суши и роллов - Японский Домик,Омск,"Мира , 10/1",55.023754027321,73.301695466912,,да,
Доставка суши и роллов - Японский Домик,Омск,"Красный Путь, 80/1",55.007207611224,73.345020571596,,да,
Доставка суши и роллов - Японский Домик,Омск,"10 лет Октября, 76/1",54.984410599018,73.400561819973,,да,
Доставка суши и роллов - Японский Домик,Омск,"​Суворова, 14",54.940756376494,73.34026782523,,да,
Доставка суши и роллов - Японский Домик,Омск,"70 лет Октября, 20",54.981983678353,73.322352629019,,да,
Доставка суши и роллов - Японский Домик,Омск,"​Ленина, 14",54.984840241105,73.374682750411,,да,
Доставка суши и роллов - Японский Домик,Омск,"проспект Мира, 48",55.029536751753,73.284387047187,,да,
Доставка суши и роллов - Японский Домик,Омск,"​Архитекторов бульвар, 14/3",54.989869801327,73.305806168761,,да,
Доставка суши и роллов - Японский Домик,Омск,"10 лет Октября, 166",54.986222491902,73.425487146309,,да,
Доставка суши и роллов - Японский Домик,Омск,"​Богдана Хмельницкого, 182",54.967132632959,73.412594825461,,да,
Доставка суши и роллов - Японский Домик,Омск,"​Проспект Карла Маркса, 84",54.94103491038,73.383192936138,,да,
Доставка суши и роллов - Японский Домик,Омск,"​Кирова, 47Б",54.947351745328,73.419875142568,,да,
Доставка суши и роллов - Японский Домик,Омск,"​Дианова, 3/1а",54.992840194206,73.265531661628,,да,
Доставка суши и роллов - Японский Домик,Омск,"Лукашевича, 33",55.007681690547,73.294239169392,,да,
Доставка суши и роллов - Японский Домик,Томск,"Иркутский тракт, 54",56.504384986894,85.011922087918,,да,
Суши и роллы с доставкой от 30 минут — Сушисел,Абакан,"Ленинского Комсомола, 16",53.725313,91.429703,,да,
Суши и роллы с доставкой от 30 минут — Сушисел,Абакан,"Стофато, 5д",53.700376942115,91.403645162664,,да,
Суши и роллы с доставкой от 30 минут — Сушисел,Ангарск,"18 микрорайон, 5а/1",52.502156,103.842282,,да,
Суши и роллы с доставкой от 30 минут — Сушисел,Анжеро-Судженск,"Ленина, 13",56.0811803,86.019466394746,,да,
Суши и роллы с доставкой от 30 минут — Сушисел,Апатиты,"Ленина, 5",67.566788602109,33.412419008679,,да,
Суши и роллы с доставкой от 30 минут — Сушисел,Ачинск,"Назарова, 24",56.268969469143,90.497420879131,,да,
Суши и роллы с доставкой от 30 минут — Сушисел,Барнаул,"Ядринцева, 95",53.336984,83.762196,,да,
Суши и роллы с доставкой от 30 минут — Сушисел,Барнаул,"Власихинская улица, 103",53.328692,83.672221,,да,
Суши и роллы с доставкой от 30 минут — Сушисел,Барнаул,"Юрина, 168К",53.367459,83.709842,,да,
Суши и роллы с доставкой от 30 минут — Сушисел,Барнаул,"65 лет Победы, 6",53.355335199731,83.665626630931,,да,
Суши и роллы с доставкой от 30 минут — Сушисел,Белово,"юности, 5",54.418515,86.307518,,да,
Суши и роллы с доставкой от 30 минут — Сушисел,Бердск,"ленина, 90к1",54.758724,83.107962,,да,
Суши и роллы с доставкой от 30 минут — Сушисел,Березовский (Кем. обл.),"Черняховского, 22",55.661021343024,86.268768310542,,да,
Суши и роллы с доставкой от 30 минут — Сушисел,Березовский (Сверд. обл.),"Анучина, 8А",56.908925,60.820742,,да,
Суши и роллы с доставкой от 30 минут — Сушисел,Бийск,"Петра Мерлина, 21",52.5306151,85.17970285,,да,
Суши и роллы с доставкой от 30 минут — Сушисел,Бородино,"Ленина, 45",55.89982,94.894353,,да,
Суши и роллы с доставкой от 30 минут — Сушисел,Братск,"Маршала Жукова, 8",56.150770371264,101.6457677791,,да,
Суши и роллы с доставкой от 30 минут — Сушисел,Братск,"Олимпийская, 3",56.311336,101.739048,,да,
Суши и роллы с доставкой от 30 минут — Сушисел,Братск,"Комсомольская, 53г",56.161447980022,101.61680535582,,да,
Суши и роллы с доставкой от 30 минут — Сушисел,Бугульма,"Хусаина Ямашева, 4в",54.536525716162,52.802228728836,,да,
Суши и роллы с доставкой от 30 минут — Сушисел,Всеволожск,"Колтушское шоссе, 44к1",60.032753628314,30.635124513523,,да,
Суши и роллы с доставкой от 30 минут — Сушисел,Гатчина,"Урицкого, 17",59.565438913233,30.132472817248,,да,
Суши и роллы с доставкой от 30 минут — Сушисел,Глазов,"Короленко, 1",58.1364278,52.662990144369,,да,
Суши и роллы с доставкой от 30 минут — Сушисел,Горно-Алтайск,"Коммунистический, 49",51.9568687,85.9444545,,да,
Суши и роллы с доставкой от 30 минут — Сушисел,Дивногорск,"Нагорная, 4",55.961163,92.387226,,да,
Суши и роллы с доставкой от 30 минут — Сушисел,Егорьевск,"Советская, 64",55.38468855,39.03279979010281,,да,
Суши и роллы с доставкой от 30 минут — Сушисел,Енисейск,"Партизанский, 3",58.453922,92.180677,,да,
Суши и роллы с доставкой от 30 минут — Сушисел,Ефремов,"горького, 28а",53.141946,38.113308,,да,
Суши и роллы с доставкой от 30 минут — Сушисел,Железногорск,"Свердлова, 43",56.2574168,93.5388076,,да,
Суши и роллы с доставкой от 30 минут — Сушисел,Заринск,"проспект Строителей , 21/1",53.705324,84.926098,,да,
Суши и роллы с доставкой от 30 минут — Сушисел,Зеленогорск,"Набережная, 26",56.111489,94.57175,,да,
Суши и роллы с доставкой от 30 минут — Сушисел,Зеленодольск,"Ленина, 32",55.847002,48.500042,,да,
Суши и роллы с доставкой от 30 минут — Сушисел,Зима,"Интернациональная, 47",53.919134,102.041744,,да,
Суши и роллы с доставкой от 30 минут — Сушисел,Златоуст,"3-й микрорайон проспекта имени Гагарина, 11",55.14433,59.663415,,да,
Суши и роллы с доставкой от 30 минут — Сушисел,Иркутск,"30-й Дивизии, 21",52.264175,104.330822,,да,
Суши и роллы с доставкой от 30 минут — Сушисел,Искитим,"Советская, 245",54.637028616113,83.31010416244,,да,
Суши и роллы с доставкой от 30 минут — Сушисел,Ишим,"Просвещения, 27",56.107197665809,69.463967084881,,да,
Суши и роллы с доставкой от 30 минут — Сушисел,Йошкар-Ола,"Первомайская, 164",56.631204,47.881876,,да,
Суши и роллы с доставкой от 30 минут — Сушисел,Йошкар-Ола,"пгт. Медведево, ул. Мира , 2Б",56.627649,47.817996,,да,
Суши и роллы с доставкой от 30 минут — Сушисел,Калтан,"проспект Мира, 62а",53.506305,87.274079,,да,
Суши и роллы с доставкой от 30 минут — Сушисел,Каменск-Уральский,"Ленина, 26",56.415196,61.921034,,да,
Суши и роллы с доставкой от 30 минут — Сушисел,Канск,"40 лет октября , 1/1",56.223525999973,95.714956440475,,да,
Суши и роллы с доставкой от 30 минут — Сушисел,Кемерово,"Проспект Шахтеров, 82б",55.408665,86.130353,,да,
Суши и роллы с доставкой от 30 минут — Сушисел,Кемерово,"Патриотов, 34",55.314218,86.088069,,да,
Суши и роллы с доставкой от 30 минут — Сушисел,Кемерово,"Проспект Ленина, 146",55.351774,86.169268,,да,
Суши и роллы с доставкой от 30 минут — Сушисел,Кемерово,"Весенняя, 24",55.350627,86.078843,,да,
Суши и роллы с доставкой от 30 минут — Сушисел,Кемерово,"улица 40 лет октября, 8",55.3903882,86.0013064,,да,
Суши и роллы с доставкой от 30 минут — Сушисел,Кемерово,"бульвар Солнечный, 32",55.426145,86.223077,,да,
Суши и роллы с доставкой от 30 минут — Сушисел,Кемерово,"Тухачевского, 31/1",55.33154885,86.126086059344,,да,
Суши и роллы с доставкой от 30 минут — Сушисел,Кемерово,"Ленинградский, 44",55.333461,86.188959,,да,
Суши и роллы с доставкой от 30 минут — Сушисел,Кингисепп,"Карла Маркса, 53",59.37333835,28.618496138459,,да,
Суши и роллы с доставкой от 30 минут — Сушисел,Кировск,"проспект Ленина , 2",67.615844,33.667779,,да,
Суши и роллы с доставкой от 30 минут — Сушисел,Киселевск,"проезд Западный, 10/1",53.997271,86.544737,,да,
Суши и роллы с доставкой от 30 минут — Сушисел,Клин,"Карла Маркса, 87",56.3201569,36.724123481917,,да,
Суши и роллы с доставкой от 30 минут — Сушисел,Ковров,"проспект ленина, 59",56.351624,41.310915,,да,
Суши и роллы с доставкой от 30 минут — Сушисел,Колпино,"Веры Слуцкой , 89",59.733127873843,30.576754141078,,да,
Суши и роллы с доставкой от 30 минут — Сушисел,Копейск,"проспект Коммунистический, 28",55.116464005617,61.6188653489,,да,
Суши и роллы с доставкой от 30 минут — Сушисел,Красноярск,"Мате Залки , 10г",56.064062,92.938352,,да,
Суши и роллы с доставкой от 30 минут — Сушисел,Красноярск,"пгт. Березовка, Центральная , 16",56.043266,93.128516,,да,
Суши и роллы с доставкой от 30 минут — Сушисел,Красноярск,"Вавилова, 23",55.997173270125,92.927050220901,,да,
Суши и роллы с доставкой от 30 минут — Сушисел,Красноярск,"Сопочная, 36",56.006685544213,92.813154543655,,да,
Суши и роллы с доставкой от 30 минут — Сушисел,Красноярск,"Линейная, 105",56.039324372692,92.878885017196,,да,
Суши и роллы с доставкой от 30 минут — Сушисел,Красноярск,"Судостроительная, 123/1",55.988493006899,92.847859169311,,да,
Суши и роллы с доставкой от 30 минут — Сушисел,Красноярск,"Лесопарковая, 9",56.018255004436,92.766903347221,,да,
Суши и роллы с доставкой от 30 минут — Сушисел,Красноярск,"60 лет образования ссср, 26А",56.114399850422,92.917382076057,,да,
Суши и роллы с доставкой от 30 минут — Сушисел,Красноярск,"Борисевича, 30А",56.006194184147,93.044204126512,,да,
Суши и роллы с доставкой от 30 минут — Сушисел,Красноярск,"Тельмана, 25",56.051491842864,92.972804024466,,да,
Суши и роллы с доставкой от 30 минут — Сушисел,Красноярск,"Парусная, 10",55.998064466682,92.902287330024,,да,
Суши и роллы с доставкой от 30 минут — Сушисел,Красноярск,"Норильская, 1а/2",56.058851010247,92.726853728836,,да,
Суши и роллы с доставкой от 30 минут — Сушисел,Красноярск,"Взлетная, 2",56.034256843336,92.917920592588,,да,
Суши и роллы с доставкой от 30 минут — Сушисел,Красноярск,"Павлова, 44/1",55.995717057406,92.95203193254,,да,
Суши и роллы с доставкой от 30 минут — Сушисел,Красноярск,"Ленина, 23",56.014051,92.883564,,да,
Суши и роллы с доставкой от 30 минут — Сушисел,Красноярск,"Лесников, 27/1",55.983194636651,92.80115206553,,да,
Суши и роллы с доставкой от 30 минут — Сушисел,Красноярск,"Апрельская , 4",55.992310119181,92.983185271162,,да,
Суши и роллы с доставкой от 30 минут — Сушисел,Красноярск,"Карбышева, 6а",56.032520063753,92.778843905263,,да,
Суши и роллы с доставкой от 30 минут — Сушисел,Красноярск,"пгт. Емельяново, Московская, 191",56.169694,92.680248,,да,
Суши и роллы с доставкой от 30 минут — Сушисел,Красноярск,"Фестиваль, 1",0,0,,,
Суши и роллы с доставкой от 30 минут — Сушисел,Куйбышев,"Пиотровского, 69",55.447959,78.322367,,да,
Суши и роллы с доставкой от 30 минут — Сушисел,Курган,"Коли Мяготина, 124",55.443142348806,65.340428203138,,да,
Суши и роллы с доставкой от 30 минут — Сушисел,Курган,"3 микрорайон , 6б",55.458516,65.258015,,да,
Суши и роллы с доставкой от 30 минут — Сушисел,Кызыл,"Щетинкина-Кравченко, 37",51.722353013363,94.441719243966,,да,
Суши и роллы с доставкой от 30 минут — Сушисел,Ленинск-Кузнецкий,"Проспект Кирова, 118",54.683372,86.181539,,да,
Суши и роллы с доставкой от 30 минут — Сушисел,Лесосибирск,"5 микрорайон, 15А",58.216666,92.506029,,да,
Суши и роллы с доставкой от 30 минут — Сушисел,Мариинск,"Ленина, 53/1",56.206106,87.751929,,да,
Суши и роллы с доставкой от 30 минут — Сушисел,Междуреченск,"Проспект Шахтеров, 23",53.697707,88.043243,,да,
Суши и роллы с доставкой от 30 минут — Сушисел,Миасс,"проспект Октября, 18",55.142456298307,60.151069548615,,да,
Суши и роллы с доставкой от 30 минут — Сушисел,Минусинск,"Абаканская, 44В ст1",53.696854,91.676677,,да,
Суши и роллы с доставкой от 30 минут — Сушисел,Мыски,"50 лет Пионерии, 2б",53.729961918045,87.719077593183,,да,
Суши и роллы с доставкой от 30 минут — Сушисел,Назарово,"Карла Маркса, 32",56.012607,90.416484,,да,
Суши и роллы с доставкой от 30 минут — Сушисел,Нерюнгри,"Южно-Якутская, 24/2",56.662481035275,124.72101451835,,да,
Суши и роллы с доставкой от 30 минут — Сушисел,Нефтеюганск,"7-й микрорайон, 3",61.091231,72.619879,,да,
Суши и роллы с доставкой от 30 минут — Сушисел,Нижнеудинск,"Ленина, 52",54.901137976157,99.027285575863,,да,
Суши и роллы с доставкой от 30 минут — Сушисел,Новая Игирма,"микрорайон Химки , 3",57.15232305,103.93129715684,,да,
Суши и роллы с доставкой от 30 минут — Сушисел,Новоалтайск,"Деповская, 28а",53.414903,83.928555,,да,
Суши и роллы с доставкой от 30 минут — Сушисел,Новокузнецк,"40 лет ВЛКСМ, 2А",53.835733,87.184795,,да,
Суши и роллы с доставкой от 30 минут — Сушисел,Новокузнецк,"Металлургов, 17",53.752442,87.117466,,да,
Суши и роллы с доставкой от 30 минут — Сушисел,Новокузнецк,"Косыгина, 7",53.888118,87.1086143,,да,
Суши и роллы с доставкой от 30 минут — Сушисел,Новокузнецк,"Шахтеров, 33",53.780655,87.294875,,да,
Суши и роллы с доставкой от 30 минут — Сушисел,Новокузнецк,"Ермакова, 1",53.763541,87.139143,,да,
Суши и роллы с доставкой от 30 минут — Сушисел,Новомосковск,"Трудовые резервы, 48",54.01675,38.287787,,да,
Суши и роллы с доставкой от 30 минут — Сушисел,Новосибирск,"Жемчужная, 34к2",54.839531,83.087678,,да,
Суши и роллы с доставкой от 30 минут — Сушисел,Орск,"Ленина, 112",51.251178,58.453007,,да,
Суши и роллы с доставкой от 30 минут — Сушисел,Осинники,"Гагарина, 18",53.60681005,87.336614756216,,да,
Суши и роллы с доставкой от 30 минут — Сушисел,Первоуральск,"Ленина, 3А",56.906183,59.951217,,да,
Суши и роллы с доставкой от 30 минут — Сушисел,Петрозаводск,"Красноармейская, 30",61.783740238097,34.348670334281,,да,
Суши и роллы с доставкой от 30 минут — Сушисел,Полысаево,"Крупской, 116а/3",54.603990539279,86.277478052917,,да,
Суши и роллы с доставкой от 30 минут — Сушисел,Прокопьевск,"Ноградская, 17а",53.87393,86.647432,,да,
Суши и роллы с доставкой от 30 минут — Сушисел,Рубцовск,"Комсомольская, 144",51.526089131344,81.212512102824,,да,
Суши и роллы с доставкой от 30 минут — Сушисел,Салават,"Ленина, 27",53.350624564525,55.924277901638,,да,
Суши и роллы с доставкой от 30 минут — Сушисел,Саяногорск,"микрорайон Енисейский, 38Б",53.094066249855,91.414751542328,,да,
Суши и роллы с доставкой от 30 минут — Сушисел,Саянск,"Олимпийский микрорайон , 17",54.108884058284,102.17490051893,,да,
Суши и роллы с доставкой от 30 минут — Сушисел,Сосновоборск,"Новосёлов, 28",56.123769,93.343887,,да,
Суши и роллы с доставкой от 30 минут — Сушисел,Стерлитамак,"проспект Октября, 59",53.629084,55.914108,,да,
Суши и роллы с доставкой от 30 минут — Сушисел,Тайшет,"Терешковой, 6",55.93501895,98.026750582186,,да,
Суши и роллы с доставкой от 30 минут — Сушисел,Тверь,"Проспект Чайковского, 2",56.850619,35.907917,,да,
Суши и роллы с доставкой от 30 минут — Сушисел,Тихвин,"4-й микрорайон, 9",59.64695755,33.540857047718,,да,
Суши и роллы с доставкой от 30 минут — Сушисел,Томск,"Фрунзе, 152",56.476458,84.991289,,да,
Суши и роллы с доставкой от 30 минут — Сушисел,Томск,"Ленина, 166",56.504705,84.948098,,да,
Суши и роллы с доставкой от 30 минут — Сушисел,Томск,"Иркутский тракт , 67а",56.507467,85.025883,,да,
Суши и роллы с доставкой от 30 минут — Сушисел,Топки,"Красная горка, 25",55.283479426495,85.645140129948,,да,
Суши и роллы с доставкой от 30 минут — Сушисел,Тулун,"Ленина, 116Б",54.558869,100.578847,,да,
Суши и роллы с доставкой от 30 минут — Сушисел,Тюмень,"Сперанского, 41",57.0957706,65.591739191589,,да,
Суши и роллы с доставкой от 30 минут — Сушисел,Тюмень,"Республики, 186",57.1301004,65.583413691457,,да,
Суши и роллы с доставкой от 30 минут — Сушисел,Ужур,"Вокзальная, 33А",55.30397,89.823183,,да,
Суши и роллы с доставкой от 30 минут — Сушисел,Улан-Удэ,"Терешковой, 7а",51.808528,107.607499,,да,
Суши и роллы с доставкой от 30 минут — Сушисел,Усолье-Сибирское,"Красных Партизан, 47",52.731325,103.656071,,да,
Суши и роллы с доставкой от 30 минут — Сушисел,Усть-Илимск,"проспект Дружбы Народов, 66",57.9381271,102.7351775,,да,
Суши и роллы с доставкой от 30 минут — Сушисел,Усть-Илимск,"50 лет ВЛКСМ , 28",57.99175,102.665822,,да,
Суши и роллы с доставкой от 30 минут — Сушисел,Усть-Кут,"Речников, 34",56.795722165264,105.78859416809,,да,
Суши и роллы с доставкой от 30 минут — Сушисел,Черемхово,"Плеханова, 6А",53.149918,103.069677,,да,
Суши и роллы с доставкой от 30 минут — Сушисел,Черногорск,"Космонавтов, 14",53.826896,91.325624,,да,
Суши и роллы с доставкой от 30 минут — Сушисел,Шадринск,"Октябрьская, 105",56.08281895,63.635066587401,,да,
Суши и роллы с доставкой от 30 минут — Сушисел,Шарыпово,"3-й микрорайон, 13б",55.53534,89.176603,,да,
Суши и роллы с доставкой от 30 минут — Сушисел,Шелехов,"5-й квартал, 4",52.210952696132,104.09439373946,,да,
Суши и роллы с доставкой от 30 минут — Сушисел,Юрга,"московская , 14",55.7199983,84.9314216,,да,
