Сеть,Сайт,Точек,Меню_позиций,Города,Телефоны,Telegram,WhatsApp,VK,Instagram,Email,Платформа
Суши и роллы с доставкой от 30 минут — Сушисел,https://xn--e1afka0abm4b.xn--p1ai,135,145,Абакан; Ангарск; Анжеро-Судженск; Апатиты; Ачинск; Барнаул; Белово; Бердск; Березовский (Кем. обл.); Березовский (Сверд. обл.),+7 (391) 228 71 01; 80200501253; 84615384615,https://t.me/sushisell_sibir,,https://vk.com/ssellabakan,,sushisell.pr@yandex.ru,Гуляш
Доставка роллов и суши Ролик,https://rolik-sushi.ru,65,112,Ангарск; Арзамас; Балаково; Богородск; Бологое; Бузулук; Владимир; Волгоград; Вологда; Вольск,+7 (927) 058-82-54; +7 (927) 058-83-21; +7 (927) 107-96-40,https://t.me/Sushi_skidka_bot,,https://vk.com/rolik_angarsk,,rolik164@mail.ru,Гуляш
jishi,https://ji-shi.ru,63,226,Алапаевск; Артемовский; Асбест; Аша; Баймак; Балашиха; Белебей; Белово; Белорецк; Бирск,+7 905 073 25 67; +7 905 896 02 36; +7 905 896 60 80,,,https://vk.com/jishi_alapaevsk,,,Гуляш
"UP SUSHI | Быстрая доставка суши, роллов и пиц",https://upsushi.ru,52,185,"Архангельск; Балашиха; Битца; Боброво; Домодедово, с. Ям; Дрожжино; Коробово; Котельники; Красногорск; Люберцы",+7 (495) 150-36-86; +7(495)150-36-86; 8 (800) 333-20-86,https://t.me/up_sushi,,https://vk.com/upsushi,,feedback@upsushi.ru,Гуляш
Доставка суши и роллов - Японский Домик,https://yapdomik.ru,23,209,Ачинск; Бердск; Красноярск; Новосибирск; Омск; Томск,+7-903-900-06-89; +7-903-900-32-87; +7-903-955-65-53,https://t.me/yapdomikru,,https://vk.com/yapdomik154,,cc@yapdomik.ru,Гуляш
Доставка еды – Неместные,https://xn--e1aaa0add1ai6f.xn--p1ai,20,277,Богородицк; Болохово; Грязи; Данков; Елец; Ефремов; Королев; Лебедянь; Ливны; Липецк,+7 (800) 555-12-78; +79934319953; 80952380952,https://t.me/nemestnye,,https://vk.com/nmfoodbgr,,info@nmfood.ru,Гуляш
Быстрая и бесплатная доставка роллов из лучших,https://pushkasushi.ru,18,179,Брянск; Владимир; Вологда; Вязьма; Десногорск; Калуга; Псков; Ржев; Рославль; Сафоново,8 800 555 11 16; 8 800 555 1116; 8-800-5551-116,https://t.me/pushkasushi_OKS,,https://vk.com/pushkasushi.russia,,pushkasushi@yandex.ru,Гуляш
Суши и роллы с доставкой в Чите — СушиМан,https://sushiman75.ru,18,293,Агинское; Атамановка; Байкальск; Борзя; Дарасун; Забайкальск; Карымское; Краснокаменск; Могоча; Нерчинск,+7 (914) 800-11-87; +73022577755; +73832991799,https://t.me/SushimanGoldAtamanovka,,https://vk.com/sushimankar,,,Гуляш
Доставка суши и роллов в Омске — FoodGarden,https://food-garden.ru,17,148,Омск,7 (931) 106-21-60; 80583269378; 82014388489,https://t.me/myfoodgarden,,https://vk.com/away.php,,food-garden@mail.ru,Гуляш
«Sushi Shef» еда с доставкой - Официальный сай,https://sushi-shef.ru,13,161,Волгодонск; Зимовники; Константиновск; Котельниково; Новочеркасск; Орловский; Сальск; Семикаракорск; Таганрог; Цимлянск,+79281020011; +79281090404; +79281361414,,,https://vk.com/sushi_shef_vd,, review@sushi-shef.ru,Гуляш
Доставка еды в Красноярске - заказать еду по д,https://magic-burger.ru,13,80,Красноярск,8 (923) 354-75-35; 81818181818; 85260770975,https://t.me/magic_burger,,https://vk.com/magic_burger,,,Гуляш
Ниндзя Пицца — доставка пиццы в вашем городе,https://ninjapizza.ru,12,121,Абакан; Ачинск; Канск; Красноярск; Минусинск,+7 (390) 225-96-01; +7 (391) 986-86-43; +7 (931) 121-63-24,https://t.me/ninjapizzafriends,,https://vk.com/ninjapizza.abakan,,,Гуляш
Сытый Король,https://xn--i1acdlaldi4fbr.xn--p1ai,12,104,Краснодар,+7 861 205 05 51; 80403458213; 83732057416,https://t.me/sytyi_korol,,https://vk.com/sytyikorol,,,Гуляш
"Доставка суши, роллов и сетов на дом | Томми Ф",https://xn--h1aakaixs7a.xn--p1ai,9,,Пермь; Сыктывкар; Чайковский,2008524; 81985717026; 82210927573,https://t.me/tommyfish_nps_bot,,https://vk.com/tommyfish,,,Гуляш
Заказать роллы Fishman. Роллы с доставкой в Во,https://fishman.su,9,187,Воронеж,+7 (473) 229-39-40; +7(473) 229-72-29; 80704041720, https://t.me/fishman_vrn,,https://vk.com/fishmansushi,,feedback@fishman.su,Гуляш
Сайори,https://sayoris.ru,9,135,Новосибирск,+73832090609; +79139843699; 81084840055,https://t.me/Sayori_Service,+79139843699,https://vk.com/saiorisushi,,sayori1@mail.ru,Гуляш
cookies,https://www-cookies.goulash.tech,8,4,Москва; Саратов; Сочи,8 800 0000 000; 8 800 0000 001; 8 800 0000 002,,,,,,Гуляш
"Cуши Красноярск, роллы с доставкой от 600 рубл",https://tsunami24.ru,8,175,Красноярск,+7 (923) 354-00-55; +79535870088; 81823363011,https://t.me/sushi_tsunami24,+79535870088,https://vk.com/sushi_krasnoyarsk,,,Гуляш
Папа Суши - роллы с доставкой от 30 минут &#x2,https://papasushi.ru,8,110,Кемерово; Новокузнецк,8 (3842) 215-615; 8 (3843) 34-80-70; 80645161290,,,,,papa-sushi@mail.ru,Гуляш
ricepublic,https://ricepublic.ru,7,138,Белгород; Воронеж; Губкин; Курск; Москва; Старый Оскол; Строитель,+7 (910) 741-63-64,,,https://vk.com/ricepublic,,,Гуляш
sushi,https://www-sushi.goulash.tech,7,89,Омск,+7(3812)340055; 83049193777; 86373982803,,,https://vk.com/ho4ysushi,https://instagram.com/xo4ysushi,,Гуляш
yappi,https://www-yappi.goulash.tech,7,154,Армавир; Белореченск; Майкоп; Новороссийск; Пятигорск; Яблоновский,+7(993)993-2-993; 84511267413,,,https://vk.com/yappi__yappi,,,Гуляш
Заказ роллов и суши с доставкой на дом — Экоро,https://ecorolls.ru,7,286,Армавир; Курганинск; Лабинск; Майкоп; Новокубанск; Отрадная,+79184306888; +79184409333; +79883690002,,+79883699997,,,sed_grigoryan@mail.ru,Гуляш
Куситория - доставка суши и роллы,https://kusitoria.ru,7,177,Златоуст; Карталы; Магнитогорск; Мелеуз; Миаcc; Орск; Учалы,+7 (3519) 510-505; +73519510505; 80952380952,,,https://vk.com/kusitoria_zlatoust,,kusitoria@yandex.ru,Гуляш
Пингви Суши,https://pingvi-sushi.ru,7,203,Новосибирск; Омск,+7 (3812) 29 02 19; +7 (3833) 83 25 27; 8 800 0000 000,,,https://vk.com/pingvi54,,,Гуляш
Ресторан с быстрой доставкой ролов и пиццы Sёm,https://semga.su,7,200,Краснодар; Сочи,+79002562727 (Мамайка); +79002702626 (Гагарина); +79181395727,https://t.me/semga_krd,,https://vk.com/semga_su,,semga_su@mail.ru,Гуляш
Сушитека - доставка суши и роллов!.,https://sushiteka.ru,7,,Архангельск; Домодедово; Дрожжино; Малаховка; Мисайлово; Щербинка,+7 (495) 120-45-88; 8 (800) 500-88-56; 85084018065,https://t.me/sushiteka_ru,,https://vk.com/sushiteka,,feedback@sushiteka.ru,Гуляш
"Gusto — доставка еды: роллы, пицца, вок и бург",https://gustoclub.ru,6,221,Зарайск; Рыбное; Рязань; Скопин; Тула,+74912993010 Рязань; +79105772157; +79290666611,,,https://vk.com/gustoclub4,,,Гуляш
mamanoris,https://mamanori.ru,6,125,Белгород; Воронеж; Курск,+7 (919) 279‑30‑30; +7 (960) 627‑84‑88; +7 (995) 038-83-99 - Янониса,,,https://vk.com/mamanori_belgorod,,,Гуляш
Temaki — сеть кафе и быстрой доставки японской,https://temaki.ru,6,188,Улан-Удэ; Чита,+7 (3012) 20‒35‒05; +7 (302) 272-12-99; 80357142857,https://t.me/temaki03,,https://vk.com/temaki03,https://instagram.com/temaki03,,Гуляш
Доставка суши и роллов в Краснодаре - Sushifun,https://sushifun.ru,6,160,Краснодар,+7 938 530 22 22; 81178270849; 85875706214,https://t.me/SushiFun23,,https://vk.com/sushifun,,kovalevru2025@mail.ru,Гуляш
Мама Нори,https://mamanori.ru,6,125,Белгород; Воронеж; Курск,+7 (919) 279‑30‑30; +7 (960) 627‑84‑88; +7 (995) 038-83-99 - Янониса,,,https://vk.com/mamanori_belgorod,,,Гуляш
Мама Нори,https://mamanori.ru,6,125,Белгород; Воронеж; Курск,+7 (919) 279‑30‑30; +7 (960) 627‑84‑88; +7 (995) 038-83-99 - Янониса,,,https://vk.com/mamanori_belgorod,,,Гуляш
Сушиман,https://sushi-man.ru,6,162,Люберцы; Москва; Одинцово,+7 (499) 490-10-54; +74994901054; 80392156862,https://t.me/sushiman_moscow,,https://vk.com/sushimanmsk,,sushi_man@bk.ru,Гуляш
Томат и Чеддер пицца - сеть пиццерий с доставк,https://tichpizza.ru,6,124,Красноярск; Москва; Петропавловск-камчатский,+7 (495) 134-61-24; 8 800 100 41 24; 83333333333,https://t.me/tich_pizza_krsk,,https://vk.com/tich_pizza_krsk,,,Гуляш
"MYDONER — доставка шаурмы, донеров и шашлыка в",https://mydoner.ru,5,65,Ульяновск,+78422966266; 82352941176; 84210526315,,,https://vk.com/mydoner,https://instagram.com/mydoner73,mydoner73@gmail.com,Гуляш
SPACE SUSHI,https://spacesushi.moscow,5,183,Екатеринбург; Москва,+73433431536; +74955404587; 80135783159,https://t.me/spacesushiru,,https://vk.com/spacesushi.official,,,Гуляш
Доставка в Махачкале | Кафе SUSHILIFE | Роллы,https://sushilife.top,5,175,Избербаш; Махачкала,+79884591090; 80152671755; 83673469387,,,,https://instagram.com/sushilife,,Гуляш
ИМПЕРИЯ СУШИ - Доставка суши и роллов,https://imperya-sushi.ru,5,150,Бийск; Новосибирск,8(800)-500-04-09; 8(958)-540-77-09; 82608695652,,,,,,Гуляш
"МАНГА ВКУС - суши, пицца. Кафе и доставка еды",https://mangavkus.ru,5,219,Барнаул; Заринск; Камень-на-Оби; Новоалтайск; Сибирский ЗАТО,+7 909 506-22-44; +7 923 008-66-08; +7 923 008-77-08,https://t.me/MangaVkusRU,+79609477017,https://vk.com/MangaVkus,,MangaVkus@yandex.ru,Гуляш
"ОкуньЕвшая Доставка | суши, роллы, пицца с бес",https://xn--80aditpe0b5b7a8a.xn--p1ai,5,217,Люберцы; Москва; Мытищи,81011122346; 88003331634,https://t.me/okynevshaya,,https://vk.com/okun.evshaya,,,Гуляш
СЕБЕРОЛЛ,https://seberoll.ru,5,70,Краснодар; Ростов-на-Дону,+79189703247; +79189703601 - Скрябина; +79189703604 - Самолеты,,,,,,Гуляш
Служба доставки еды Шеф,https://chief116.ru,5,142,Ижевск; Набережные Челны,+7 (8552) 91-05-53; +7(341) 233-04-53; 88897116652,https://t.me/chief116,,https://vk.com/chiefizhevsk,https://instagram.com/chief116.ru,chief116@inbox.ru,Гуляш
ohra,https://ohra74.ru,4,128,Челябинск,+79127768861; 82795698924; 83333333333,,,https://vk.com/ohra_rest,,ohra_rest@mail.ru,Гуляш
sushimix,https://www-sushimix.goulash.tech,4,224,Гигант; Донское; Изобильный; Ипатово,+79064754848; +79282128233; +79624066868,https://t.me/sushimixgigant,,https://vk.com/sushimixgigant,https://instagram.com/sushi_mix_gigant,,Гуляш
tokiway | Доставка роллов с ресторанной подаче,https://xn--b1alebtx5f.xn--p1ai,4,148,Биробиджан; Комсомольск-на-Амуре; Хабаровск,+7 (4212) 67-77-74; +7 (4217) 94-17-77; +7 (909) 824-77-74,https://t.me/tokiway,89247477977,https://vk.com/tokiway,,mesen20-03@yandex.ru,Гуляш
Бизон,https://bizonpizza.ru,4,46,Благовещенск; Долгопрудный; Надым; Новый Уренгой,+7 (912) 428-09-69; +79918871835; 8 800 777-70-55,,,https://vk.com/bizonpizza,,,Гуляш
Доставка пиццы и роллов в Самаре,https://lovkus.ru,4,213,Самара; Уфа,7 347 200 74 71; 7 846 211 51 14; 81818181818,https://t.me/lovkus_samara,,https://vk.com/lovkus,,love.vkus102@gmail.com,Гуляш
Доставка роллов и пиццы Суши Мама,https://sushimama.ru,4,,Новоспасское; Сызрань; Тольятти,+7 (927) 630-87-77; +7 (927) 834-87-77; 84615384615,,,https://vk.com/sushimama,,,Гуляш
Доставка суши и роллов - Суши Холл,https://sushi-holl.ru,4,180,Иркутск; Красноярск,+73912699889; +73952482182; 81818181818,,,,,482182irk@mail.ru,Гуляш
"Доставка халяль еды Казань — роллы, суши, пицц",https://sansultan.ru,4,184,Казань; Набережные челны,+7 (960) 048-08-18; +79600480818; 83333333333,,,https://vk.com/sansultan,,sultanhoreca@yandex.ru,Гуляш
Пармезан - доставка огромной пиццы с лучшими о,https://parmezan.bz,4,160,Березовский; Екатеринбург,+7; +7 343 363 01 30; +7(343)343-90-10,,,https://vk.com/parmezanbz,,,Гуляш
Поль Бейкери,https://sunny.pbakery.ru,4,179,Екатеринбург,+73432277550; +73432277550 Академический; +79030863112,https://t.me/paulbakery_rus,+79030863112,https://vk.com/paulbakeryekb,,pb@malachite.ru,Гуляш
Суши и роллы с доставкой — Лори Суши,https://lori-sushi.ru,4,194,Балаково; Балашов; Вольск; Димитровград,82758620689; 83783783783; 84313725490,https://t.me/lori_sushi,,https://vk.com/lorisushi_balakovo,,,Гуляш
Сытнофф,https://sytnoff.ru,4,153,Асбест; Каменск-Уральский,+79041737572; +79193805191; +79505550295,,,https://vk.com/sytnoff_delivery,,sytnoff.asbest@yandex.ru,Гуляш
Сытный Привет,https://xn--b1aghdtnhejh4gc.xn--p1ai,4,67,Дюртюли; Чайковский; Чернушка; Янаул,+79174886279; +79223005043; +79223592087,https://t.me/privet_durt,,https://vk.com/privet_du,https://instagram.com/privet_du,,Гуляш
"Ayfood.ru, айфуд: халяль роллы и суши с достав",https://ayfood.ru,3,121,Азнакаево; Альметьевск,+79003242255; +79534008433; 80536912752,https://t.me/ayfoodazn,,https://vk.com/ayfoodazn,,,Гуляш
daisushi,https://www-daisushi.goulash.tech,3,111,Ростов-на-Дону,+7; +7 993 454 33 00; +7 993 454 33 11,,,https://vk.com/dai_sushi_rnd,https://instagram.com/dai_sushi_rnd,,Гуляш
maxi,https://maxi-rolls.ru,3,57,Агрыз; Глазов; Сарапул,+7 (912) 461-90-00; +79124619000; +79225245442,https://t.me/maxirolls_agz,,https://vk.com/maxi_rolls_srp,,,Гуляш
Pizza Roller,https://pizzaroller.pro,3,283,Братск; Иркутск; Энергетик,+79016308309; +79500849434; +79500948789,https://t.me/pizzaroller,,https://vk.com/pizzarollerbr,https://instagram.com/pizza_roller_bratsk,pizzaroller.pro@gmail.com,Гуляш
pizzazp,https://www-pizzazp.goulash.tech,3,158,Вербилки; Запрудня; Талдом,+7 (925) 677-06-21; +7 (926) 684-90-33; +7 (999) 508-13-11,,,https://vk.com/pizzavb,,,Гуляш
Rollissimo,https://rollissimo.ru,3,184,Краснодар,+79330914567; 83333333333; 84615384615,https://t.me/rollissimokrd,, https://vk.com/rollissimo,,,Гуляш
Rollissimo,https://rollissimo.ru,3,184,Краснодар,+79330914567; 83333333333; 84615384615,https://t.me/rollissimokrd,, https://vk.com/rollissimo,,,Гуляш
Sea Zone official,https://seazone.one,3,184,Брянск; Воронеж,+7 (473) 212-28-15; +7 (483) 262-97-05; +74832629705,https://t.me/seazone_official,,https://vk.com/seazonebryansk,,zon3.sea@yandex.ru,Гуляш
vrolyah,https://vrolyah.ru,3,215,Дегтярск; Первоуральск; Ревда,+7 (919) 370-15-15; +7 (953) 053-87-03; +7 (982) 731-01-01,,79530538703,https://vk.com/vrolyah.degt,,m.sushifresh@yandex.ru,Гуляш
Быстрый Японец. Доставка и самовывоз суши и ро,https://bistro-japan.ru,3,108,Калуга; Тула,+79105443926; +79190783742 Каминского 24В; +79807222638 Восточная 13,,,https://vk.com/yaponez_kaluga,,,Гуляш
Доставка Еды,https://pizzadino.ru,3,63,Зеленогорск (Красноярский край); Канск; Тайшет,+7902-982-14-02; +79148950305; +7983-269-49-19,,+79029821402,https://vk.com/dinopizzazlngrsk,,dinopizzazlngrsk@mail.ru,Гуляш
Доставка пиццы и роллов в Екатеринбурге и Верх,https://pizzasan.ru,3,164,Верхняя Пышма; Екатеринбург,+7(343)288-70-72; +7(912)299-70-72; +79122326563,https://t.me/pizzasan_ru,+79122997072,https://vk.com/pizzasanru,,2022030@mail.ru,Гуляш
Доставка суши и роллов — СушиКат,https://xn--80apg0aic9a.xn--p1ai,3,165,Березники; Соликамск,+73424430696; +73425365855; +79024777603,https://t.me/katana_sushi59_bot,,https://vk.com/sushikatber,,kberezniki@mail.ru,Гуляш
Кинг Конг пицца и роллы Пермь Закамск l Быстра,https://kkpizzarolls.ru,3,24,Пермь,+73422058118; 205-81-18; 86486486486,https://t.me/kingkongpizza,,https://vk.com/kkpizza,https://instagram.com/kingkongpizza,info@kingkongpizza.ru,Гуляш
Мангалыч,https://xn--80aai7abh7e5a.xn--p1acf,3,72,Екатеринбург,+7 343 363 08 80; +73433630880; 83720930232,,,https://vk.com/mangalych_66,,,Гуляш
Панама суши,https://panamasushi.ru,3,140,Волгодонск; Ростов-на-Дону; Таганрог,+79508629045; 81818181818; 82608695652,https://t.me/panamasushitgn,,https://vk.com/club234374119,,panamavolgodonsk@yandex.ru,Гуляш
РЕКА СУШИ,https://xn--80ajkg2ajo4b.xn--p1ai,3,281,Большая Мурта; Мотыгино; Раздолинск,+7 (933) 333-83-56; +79233036098; +79339941911,https://t.me/razdolinsk,,https://vk.com/club239050063,,renata2014a@mail.ru,Гуляш
Роллы и суши в Краснодаре с доставкой — заказа,https://xn--c1aukj2c.xn--p1ai,3,181,Краснодар,+7 861 206 25 55; +7 995 005 44 74; 80412371134,https://t.me/segunkrd,,,,segunfood@yandex.ru,Гуляш
Суши и роллы в Омске,https://tvoisosed.ru,3,130,Омск,+73812635540; +79620585540; 86842105263,https://t.me/tvoysosed55,+79620585540,https://vk.com/tvoysosed55,,,Гуляш
Суши и роллы с доставкой в Краснодаре | Дикий,https://dikiyroll.ru,3,120,Краснодар,+7(861) 230-03-93; 82142857142; 83050847457,https://t.me/Dikiyroll,,https://vk.com/dikiyrollkrd,,dikiyroll@mail.ru,Гуляш
СушиКульт,https://xn--h1aedvicc1b2b.xn--p1ai,3,105,Нижневартовск; Тюмень,+73466577221; 81395348837; 83221476510,https://t.me/sushicult_tmn,,https://vk.com/sushicult,,sushicult1@gmail.com,Гуляш
СушиМанят,https://sushi-manya.ru,3,158,Нижний Тагил,+7(3435) 96‒12‒71; 80536912751; 80830670926,,,,,info.mania-nt@yandex.ru,Гуляш
Шматик - доставка еды в Красноярске по доступн,https://shmatik.ru,3,247,Красноярск,+7 (391) 200-92-22; 88121598071,https://t.me/shmatikcafe,,https://vk.com/shmatik.cafe,,,Гуляш
"Эй, креветка — Премиум роллы и суши с доставко",https://xn--80adibwd2bt.online,3,138,Красноярск,+7 (983) 508-63-63; 208-63-63; 82352941176,https://t.me/heyshrimp,,https://vk.com/shrimp24r,,,Гуляш
Японика,https://yaponika-sushi.ru,3,162,Новоорск; Орск; Ясный,+79877809520; 84020074962,,,https://vk.com/yaponika_novoorsk,,,Гуляш
"Японское бистро EOKI – и по сути вкусно, и по",https://eoki.ru,3,190,Клин; Сергиев Посад,8-800-707-17-17; 88273919986,,,https://vk.com/eoki_bistro,https://instagram.com/eoki_bistro,info@eoki.ru,Гуляш
8kru,https://8kru.ru,2,154,Звенигород; Магнитогорск,+79227000028; 82352941176; 83229813664,,+79299394911,,,,Гуляш
Arigato,https://arigatokrsk.ru,2,174,Красноярск,+73912050060; 81818181818; 84337349397,https://t.me/arigatokrsk,,https://vk.com/arigato_krsk,,arizakaz24@mail.ru,Гуляш
bg,https://www-bg.goulash.tech,2,3,Екатеринбург,+7; 8 800 0000 000,,,,,,Гуляш
"Fiero Pizza — доставка пиццы, роллов и бургеро",https://pizzafiero.ru,2,274,Заводоуковск; Ялуторовск,+79923053024; +83452569770; 8(3452) 791292,,,https://vk.com/fierofood,,pizzazvd@yandex.ru,Гуляш
fishfresh,https://fishfresh24.ru,2,,Железногорск (Красноярский край),+79131893999; 89131893999,https://t.me/fishfresh_26,,https://vk.com/fishfresh26,,,Гуляш
GINKO,https://ginkosushi.ru,2,85,Воронеж,+7 (920) 218 10 01; +79202181001; 87848285484,,,,,,Гуляш
ihtus,https://sushi-ihtus.ru,2,161,Анапа; Натухаевская,+79897770716; 80536852855,,,,,,Гуляш
kuhnya,https://kuhnya71.ru,2,72,Новомосковск,+79509146989,,,,,,Гуляш
Pushka - сеть доставок,https://sushipushka.ru,2,125,Балахта; Ужур,+7 (923) 276-50-10; +7 (923) 372-12-63; +79232765010,,,https://vk.com/pushka.food,,,Гуляш
Sushi Tori Bar - вкусные блюда на доставку и с,https://sushitoribar.ru,2,295,Нововаршавка; Черлак,+79048228788; +79081017667; 81132075471,https://t.me/sushitoribar,+79048228788,https://vk.com/sushitoribar,,sushitoribar@mail.ru,Гуляш
Sushi&amp;Rolls by Temerev - Быстрая доставка,https://bytemerevrolls.ru,2,154,Омск,+79136239993; 80849872979; 81132075471,https://t.me/Sky_FoodOmsk,+79136239993,https://vk.com/bytemerevroll_omsk,,arizakaz24@mail.ru,Гуляш
todoki,https://todokis.ru,2,147,Бакал; Сатка,+79320133188,https://t.me/todokibakal,,https://vk.com/todokibakal,,,Гуляш
wellfood,https://www-wellfood.goulash.tech,2,3,Впишите название своего города,+7; 8 800 0000 000; 86852247692,,,,,,Гуляш
«Некруглая» - Римская пицца и роллы,https://nekruglaya.ru,2,109,Гатчина; Сиверский,8 812 407 35 40; 8 812 565 05 31; 80701754386,https://t.me/ZabotaNekruglaya_bot,,https://vk.com/nekruglaya,,,Гуляш
"Бесплатная доставка суши, роллов в Челябинске",https://rubisushi.ru,2,101,Челябинск,+7 (351) 200-25-75; 82474226804; 82608695652,,,https://vk.com/rubisushi,,info@rubisushi.ru,Гуляш
ВКУСИ СУСИ - Роллы и пицца с доставкой в Костр,https://vkusisusi.ru,2,157,КОСТРОМА,+74942770671; 82978723404; 83050847457,,,https://vk.com/vkusisusi,,,Гуляш
Дерзкий Лосось,https://xn----gtbdifgfl1aaotb8m.xn--p1ai,2,129,Советский; Яранск,+79027378585; +79278832220; 81818181818,,,https://vk.com/derzky_losos_sovetskiy,,sovetskiyderzkiylosos@gmail.com,Гуляш
Доставка еды в Глазове — заказать онлайн | Суш,https://xn--80apboguo4b3d.xn--p1ai,2,300,Глазов,+79120106191; +79630275181; 83333333334,https://t.me/sushimania_bot,,https://vk.com/glazovsushi,,sm.glazov.info@yandex.ru,Гуляш
Доставка еды и обедов - BigRoll,https://bigroll66.ru,2,127,Екатеринбург,+7 343 288-51-28; +79630455456; 81589958159,https://t.me/bigroll66,+79630455456,https://vk.com/bigroll66,,,Гуляш
Доставка Роллов и пиццы - заказать вкусные рол,https://malorisa.ru,2,182,Радужный; Тюмень,+7 345 242-52-22; +7(346) 630-03-43; 89061925517,https://t.me/Malo_Risa,,https://vk.com/malorisa72,,,Гуляш
Доставка роллов и суши в Омске — Good Food,https://goodfoodshop.ru,2,161,Омск,+79136335755; 89867765864,https://t.me/goodfoodomsk,,https://vk.com/good_food_omsk,,,Гуляш
Доставка суши и роллов | Акиана,https://akiana.ru,2,171,Брянск,8 800 533-88-36; 86281700370,https://t.me/akiana_club,,https://vk.com/akiana,,inbox@akiana.ru,Гуляш
Доставка суши и роллов в Барнауле — заказать о,https://xn--h1argu0b.xn--p1ai,2,106,Барнаул,+7 (913) 210-22-07; 602 207; 85871964227,https://t.me/sushiya_barnaul_bot,,https://vk.com/sushi_barnaul22,,,Гуляш
Доставка суши и роллов в Новошахтинске - GARRi,https://garrisan.ru,2,83,Новошахтинск,+7 928 100-96-28; 85416666666; 86577181208,,,https://vk.com/garrisanru,,garrisan@bk.ru,Гуляш
Доставка Суши и роллов в Перми LIFEROLLS,https://2580999.ru,2,149,Пермь,+73422580999; 80851063829; 80952380952,,,https://vk.com/slife59,,,Гуляш
Доставка суши Сибирь Имбирь,https://sibir-imbir.ru,2,7,Томск,+79234043222; 83052444687; 87341772151,,+79234043222,https://vk.com/sibir_imbir_tomsk,,,Гуляш
Доставка суши — 8 Круглых,https://8kru.ru,2,154,Звенигород; Магнитогорск,+79227000028; 82352941176; 83229813664,,+79299394911,,,,Гуляш
Доставка-Панда,https://xn----7sbabaimf4c7aeruo.xn--p1ai,2,218,Ангарск; Усолье-Сибирское,+7 (914) 900-70-80; +7 (924) 705-77-00; +79149007080,https://t.me/dostavka_panda,,https://vk.com/dostavkapanda38,,dostavkapanda38@gmail.com,Гуляш
Заказать доставку еды в Новосибирске | Nicks F,https://nicksfood.ru,2,146,Новосибирск,+73833832018; +79130102048; 81991723634,,+79130102048,https://vk.com/nicks_food,,,Гуляш
Заказать еду халяль с доставкой в Казани - цен,https://xn--c1akqbpm9a.xn--p1ai,2,231,Казань,+7 (843) 245-09-05; +7 (937) 616-09-05; +79376160905,,+79376160905,https://vk.com/ogo_sushi,,ogosushi16@yandex.ru,Гуляш
Личный повар,https://l-povar.ru,2,166,Миасс,+7 (351) 701-73-71; +73517017371; 81395348837,https://t.me/LpovarMiass,,https://vk.com/club_lpovar,,L-povar@yandex.ru,Гуляш
МЕСТО ПИЦЦЫ,https://xn--e1agkjfkh9aa4c.xn--p1ai,2,117,Череповец,81250752814,,,,,,Гуляш
Мистер Суши,https://mistersushi36.ru,2,210,Воронеж,+79204471747 - Служба заботы; +79913223322; +79913223322 - Ростовская,,89323032333,https://vk.com/mistersushi36,,mirsushi36@yandex.ru,Гуляш
"ПРИВЕТ BUFFET - доставка суши, роллов и пиццы",https://buffet24.ru,2,148,Красноярск,+7 (391) 200-15-15; 84615384615; 85714285714,,,https://vk.com/buffet24,,,Гуляш
СТайм,https://xn--80asjrf.xn--p1ai,2,,Ангарск; Усолье-сибирское,+79246206447; 81481481481; 84615384615,https://t.me/stimeangarskrf,,https://vk.com/sushitime38,,,Гуляш
Суши и роллы с доставкой — Soyzo,https://soyzo.ru,2,188,Долгопрудный; Лобня,+7 (499) 383-99-99; 80392156862; 86363636363,https://t.me/s/soyzo_lobnya_dolgoprudny,,https://vk.com/soyzo_lobnya_dolgop,,yakuza-lobnya@mail.ru,Гуляш
Суши Иланский | Доставка &quot;ПУШ&quot; Роллы,https://pooshrolls.ru,2,210,Бородино; Иланский,+79310094949; 80952380953; 83333333333,,,https://vk.com/poosh_ilansky,,nvan9@ya.ru,Гуляш
"Суши от Илюши | Качественная доставка суши, ро",https://xn--h1aaalnqjf9bf9d.xn--p1ai,2,130,Краснодар,+79186495311; 8(861)9446464; 80633802816,https://t.me/sushiotilyushi,,https://vk.com/sushi_ot_ilyushi_krd,,sushi_ot_ilyushi@mail.ru,Гуляш
Суши Тайм - суши и роллы в Краснодаре,https://sushi-time-krd.ru,2,138,Краснодар,"+7(918) 036-11-12      ЖК ""Победный""; +7(918) 678-11-12      ЖК ""Достояние""; +79186781112",,89180361112,https://vk.com/sushi_time_krd_ru,,sushi-taim-23@yandex.ru,Гуляш
"Суши, роллы и пицца с доставкой - Maneki!",https://mane-ki.ru,2,207,Орел,+7(4862) 90-00-09; 82110912343; 83673469388,,,https://vk.com/manekiorel,,,Гуляш
Торидо,https://toridobar.ru,2,43,Ачинск,+7 999 313 99 13; +79993139913; 80839895013,,,https://vk.com/toridobar,,,Гуляш
Ханай,https://xn--80aa1ao2b.xn--p1ai,2,164,Кемерово,+7(3842) 76-25-06; +79516182184; 80327868852,https://t.me/khanai_kemerovo,,https://vk.com/xanay,,210680@bk.ru,Гуляш
Янагиба - ресторан доставки японской кухни,https://yanagiba.net,2,169,Иркутск; Чита,+7-924-299-85-55; +7-999-682-99-96; 80337078651,,+79242998555,https://vk.com/yanagiba75,,yanagibafamily@mail.ru,Гуляш
401 Authorization Required,https://gauskraft.ru,1,99,Омск,+7(3812)95-15-64,,,,,,Гуляш
burgerych,https://xn--90aeg6bco6a5a.xn--p1ai,1,54,Верхняя Пышма,81196555809; 89126480909,,,,,,Гуляш
buriymedved,https://buriymedved.ru,1,125,Воронеж,+79601326454; 82142857142; 82608695652,https://t.me/buriymedvedsushi,,,,,Гуляш
cafenf,https://pizzanf.ru,1,195,Нефтекамск,+73478331333; +79177609999; 82608695652,,,,,,Гуляш
chili,https://xn--80apaanz4cac.xn--p1ai,1,67,Рязань,8(4912)40-40-40; 80851063829; 84210526315,,,,,,Гуляш
greenbar,https://greenbarsushi.ru,1,237,Сосновоборск,+73912323623; +79029423623; +79029423626,,+79029423626,https://vk.com/green_bar_sushi,,greenbarsushi@yandex.ru,Гуляш
Kampai,https://kampai74.ru,1,137,Челябинск,+7(932)0123400; +79320123400; 84210526315,,+79320123400,https://vk.com/kampai_chelyabinsk,,edakampai@gmail.com,Гуляш
kostrof,https://kostrof.ru,1,91,Барнаул,+79132108060; 608060; 82758620689,,+79132108060,https://vk.com/kostrofbarnaul,,kosterbarnaul@mail.ru,Гуляш
KRUTTO,https://kruttopizza.ru,1,52,Владивосток,+79940180311; 80327868852; 82716049382,https://t.me/kruttopizza,,,,kruttopizza@yandex.ru,Гуляш
kupisushi,https://www-kupisushi.goulash.tech,1,100,Щербинка,+79104233065; 89104233065,,,,,info@kupi-sushi.ru,Гуляш
kushaysushi,https://xn--74-6kc6aee5cnd0ce.xn--p1ai,1,256,Магнитогорск,+79128052028,,,https://vk.com/club116069179,,,Гуляш
Lifemart Dubai,https://su.lifemart.ae,1,93,Dubai,+971502368519,,,,,,Гуляш
luckymaki,https://luckymaki.ru,1,156,Копейск,+7 900 068 55 77; +79000685577; 83333333333,,,https://vk.com/sushi_luckymaki,,,Гуляш
Murasaki | Суши и роллы в Новосибирске,https://murasakiroll.ru,1,110,Новосибирск,+7 (983) 549-90-37; +79835499037; 84536082474,https://t.me/murasakirolls,+79835499037,https://vk.com/murasakirolls,https://instagram.com/murasakirolls,sergey.chernyshev.2222@internet.ru,Гуляш
namaki,https://na2maki.ru,1,115,Стерлитамак,+7917-451-79-60; 80952380952; 83333333333,,,https://vk.com/na2maki,,,Гуляш
nikosi,https://www-nikosi.goulash.tech,1,3,Реутов,+7; 8 800 0000 000,,,,,,Гуляш
Ninja,https://xn--d1agboahbkr7irb.xn--p1ai,1,155,Можга,+7 (912) 003-04-74; +79120030474; 83001831624,,+79120030474,https://vk.com/pizzaninjja,,,Гуляш
Pizza House — доставка пиццы в Смоленске. Горя,https://pizzahouse67.ru,1,65,Смоленск,+74812407333,,,https://vk.com/pizzahouse67,,ph67@bk.ru,Гуляш
PRIME ROLL,https://primeroll.ru,1,109,Омск,8 937 550 0465; 83870967741; 84615384615,https://t.me/prime_roll,,,,,Гуляш
ProСуши,https://prosushinsk.ru,1,86,Новосибирск,+79130024994; 89130024994,,,,,prosushinsk@gmail.com,Гуляш
rollking,https://toki.su,1,185,Тверь,,https://t.me/toki_tvr,,https://vk.com/tvertoki,,toki.tvr@yandex.ru,Гуляш
rollkultura,https://rollkultura.ru,1,189,Волгодонск,+79081928999; +79897058899,,,https://vk.com/club237670932,,ivanvolovik1981@yandex.ru,Гуляш
Sentai 74 пицца и суши,https://sentai74.ru,1,209,Челябинск,+73512230370; +79191230370; 82352941176,,,https://vk.com/sentai74,,,Гуляш
sushinson,https://sushinson.ru,1,153,Тула,+7(4872)716-616; +7(967)431-66-16,,,https://vk.com/sushinson,,info@sushinson.ru,Гуляш
Totoro-Sushi | Роллы Nikkei в Омске,https://totoro-sushi.ru,1,77,Омск,+7 913 978 07-71; 80535279805; 81779661016,https://t.me/TOTOROSUSHIOMSK,,https://vk.com/totorosushi,https://instagram.com/totoro_sushi.omsk,,Гуляш
Tykwa,https://tykwa-food.ru,1,244,Балашиха,+7 (495) 565‑32‑78,,,https://vk.com/tykwafood,,d.tykwa-food@yandex.ru,Гуляш
"tykwafood |заказать еду с доставкой, tykwafood",https://tykwa-food.ru,1,244,Балашиха,+7 (495) 565‑32‑78,,,https://vk.com/tykwafood,,d.tykwa-food@yandex.ru,Гуляш
ukusimenya,https://ukusi-menya.ru,1,126,Красноярск,+73919889009; +79831564582; 82142857142,https://t.me/ukusimenia,+79831564582,https://vk.com/ukusi_menya_krsk,https://instagram.com/ukusi_menya_krsk,,Гуляш
Wok n Roll,https://miass-woknroll.ru,1,162,Миасс,+7 908 0 400 700; 8 922 703 02 00; 84303666178,,,https://vk.com/wok_and__roll,,maksim.denisovich2@yandex.ru,Гуляш
yoyu,https://www-yoyu.goulash.tech,1,18,Екатеринбург,+79634442756,https://t.me/yoyume,,https://vk.com/yoyume,,yoyu@yoyu.me,Гуляш
Атаман Суши,https://atamansushi.ru,1,187,Кемерово,+79627347444; 447-444; 80645161290,,,https://vk.com/ataman_sushi,,ataman-sushi@mail.ru,Гуляш
БиБи Пицца,https://xn--80aba1aba2c3ca.xn--p1ai,1,59,Вихоревка,+79648220000; 89648220000,,,,,bibipizza2026@mail.ru,Гуляш
БИГ РОЛЛ,https://bigroll.me,1,60,Владивосток,+79140746208,,,,,,Гуляш
Большой ролл,https://xn--90aqfbaobbr1fzb.xn--p1ai,1,73,Ростов-на-Дону,86486486486; 89895378184,,,,,bolshoiroll@yandex.ru,Гуляш
Вилки Палки,https://xn----8sbeyackdee6b.xn--p1ai,1,98,Краснодар,+7 (918) 693-99-00 Архитектора Ишунина 6; +79186939900; 81481481481,,,https://vk.com/vilkipalkikrd,https://instagram.com/vilki_palki_krd,vilki-palki.krd@mail.ru,Гуляш
Вокорольная,https://xn--80adyekdbar6j9a.xn--p1ai,1,145,Белгород,+74722500606; +79036420606; 83544303797,https://t.me/WokoRolnaya31,,https://vk.com/wokorolnaya31,,wokorollnaya@ya.ru,Гуляш
Доставка еды в Серове от 45 минут | папаролл,https://xn--80aa7aandbj.xn--p1ai,1,180,Серов,+79002060955; +79221166550; +79536001150,https://t.me/PapaRollOfficial,,https://vk.com/paparoll,,paparollrussia@mail.ru,Гуляш
Доставка еды в Ульяновске - Старфуд!,https://starfood73.ru,1,179,Ульяновск,8 (937) 273-35-35; 80914735197,,,https://vk.com/starfood73,,,Гуляш
Доставка пиццы в Балашове — Вольта Пицца,https://voltapizza.ru,1,99,Балашов,8 (800) 551-73-72; 8(958)697-70-72; 80392156862,,,https://vk.com/voltapizza,,,Гуляш
Доставка пиццы в Перми недорого заказать по це,https://donatello-pizza.ru,1,79,Пермь,2919111; 83422919111; 85576923076,,,https://vk.com/donatelloperm,,,Гуляш
"Доставка пиццы на Гайве, заказать бесплатно на",https://sestricca.ru,1,54,Пермь,+7 (342) 248-20-10; 80952380952; 85074626865,,,https://vk.com/sestriccaperm,,vedeneevarabota@mail.ru,Гуляш
Доставка роллов в Саратове — заказать суши и р,https://xn--l1aafn.xn--p1ai,1,139,Саратов,+7(8452) 24-59-09; +79063063857; 80769230769,,,https://vk.com/moms_saratov,https://instagram.com/momc_saratov,64moms@gmail.ru,Гуляш
Доставка роллов и пиццы в Магнитогорске | Дерз,https://derzkiy-tunets.ru,1,145,Магнитогорск,8 992 528 65 55; 89925286555,,,https://vk.com/derzkiy_tuna,,,Гуляш
Доставка Стромболи Пицца Роллы Бургеры,https://stromboligroup.ru,1,198,Лесосибирск,8 923 318-18-88; 8 933 333-37-50; 80327868852,,,https://vk.com/strombolipizza,,,Гуляш
Доставка суши и пиццы в Пскове,https://stedroll.ru,1,165,Псков,+7 (8112) 702-602; 80327868852; 81132075471,,,https://vk.com/stedroll,https://instagram.com/stedroll60,,Гуляш
Доставка суши и роллов в Абакане. Заказать рол,https://sushiyummy.ru,1,143,Абакан,+7(991)502-87-36; +73902298498; +79911150287,https://t.me/SushiYummy_abakan_bot,+7991115028736,https://vk.com/sushiyummy_abakan,,sushiyummy191@gmail.com,Гуляш
"Доставка суши и роллов в Кемерово – Свежие, вк",https://sushitime42.ru,1,208,Кемерово,+ 7 (3842) 49-20-42; 83561643835; 84210526315,,,https://vk.com/sushitime42,,,Гуляш
Доставка суши и роллов в Саранске | Сушин Дом,https://xn--d1ahncgoo4b.xn--p1ai,1,234,Саранск,+78342340330; +79513408709; 80165289256,,,https://vk.com/sushin_dom_saransk,,sushindom.saransk@yandex.ru,Гуляш
Доставка суши и роллов в Смоленске от легендар,https://kamchatkarydom.ru,1,184,Смоленск,603603; 81395348837; 81818181818,,,,,,Гуляш
Доставка суши и роллов от 30 минут в Вязьме -,https://kusakasushi.ru,1,173,Вязьма,+79066699994; 8 9066699994; 81481481481,,,https://vk.com/kusakasushi,,kusakasushi@yandex.ru,Гуляш
"Доставка суши, роллов, пиццы, WOK и Том Ям. Пу",https://dablrollspizza.ru,1,206,Новое Пушкино,+7 (977) 193-39-39; 82758620689; 84210526315,https://t.me/dabl_SP,,https://vk.com/dabl_rolls_pizza_psh,,dabl.info@yandex.ru,Гуляш
За уши,https://zaushineottashchish.ru,1,56,Чита,+7-924-511-99-09; +79245119909; 80327868852,,+79245119909,https://vk.com/zaobeshcheki,,zaushineottashchish@mail.ru,Гуляш
Камикадзе Челябинск,https://kami-kadze.ru,1,184,Челябинск,+73512105010; +79517776291; 80952380952,,,https://vk.com/kamikadze_sushi,,bosskamikadze@mail.ru,Гуляш
"Кинг Роллс- Акции и скидки на суши, роллы и пи",https://kingrolls.ru,1,372,Краснокамск; Пермь,+7; +79124905190; 80722891566,,,https://vk.com/kingrolls,,,Гуляш
Кирин sushi,https://kirinsushi.ru,1,119,Новомосковск,+7(902)902-46-16; +79029024616; 81865284974,,,https://vk.com/kirin_sushi,,kirin71@yandex.ru,Гуляш
"Контора вкуса. Доставка пиццы, роллов, суши. Б",https://kontoravkusa.ru,1,160,Балашиха,+79998830253; 80327868852; 80487804878,https://t.me/kontora_vkusa,,https://vk.com/kontoravkusa,,kontoravkusa@yandex.ru,Гуляш
Кручу-Верчу! - Доставка больших роллов в Казан,https://kv-kazan.ru,1,142,Казань,+78432153015; +79872153015; 80392156862,https://t.me/kruchyverhy,+79872153015,https://vk.com/kruchyverchu,,kruchu-kazan@yandex.ru,Гуляш
"Кухня Суши — доставка еды на Бору: суши, пицца",https://kuhnya-sushi.ru,1,169,Бор,+7 831 262-63-62; 81132075471; 83516483516,,,https://vk.com/sushi_k,,,Гуляш
Мак и Манго — вкусная доставка роллов и кофе,https://makimango.ru,1,100,Хабаровск,8 924 401 44 50; 82758620689; 88235294117,https://t.me/makimango,89244014450,https://vk.com/makimango,https://instagram.com/mimcoffee_khv,makimango2024@gmail.com,Гуляш
"Маримо Тамбов — доставка вкусных роллов, суши",https://marimogreen.ru,1,101,Тамбов,80701754385; 81196581196; 82905982905,https://t.me/marimo_eco,,https://vk.com/marimo_restoran,https://instagram.com/marimo_green_tmb,,Гуляш
Море в дом,https://morevdom.ru,1,189,Шарыпово,+79080252020; 80769230769; 83333333333,https://t.me/morevdom_sushi,+79080252020,https://vk.com/morevdom_sushi,https://instagram.com/morevdom_sushi,,Гуляш
Ниндзя Рizza,https://xn--80aijbb3abl8da9h.xn--p1ai,1,153,Новодвинск,+79116708811; 80072463768; 82817869415,,,https://vk.com/away.php,,ninjapizza2023@mail.ru,Гуляш
Овощи и гарниры в Омске — доставка бесплатно |,https://barashka55.ru,1,177,Омск,+7 (3812) 33-80-33; 80851063829; 83606557377,https://t.me/barashka55,,https://vk.com/barashka55,,,Гуляш
Пироги Онлайн,https://xn--80afobgkndccgn.xn--p1ai,1,63,Чайковский,+79950936063; 80487804878; 82352941176,,+79950936063,https://vk.com/pirogi_domoi_chaik,,,Гуляш
Роллы Закуски Напитки Десерты быстрая доставка,https://filka22.ru,1,161,Бийск,+79833836225; 81203007518; 81481481481,,,https://vk.com/filka_biysk,,,Гуляш
Роллы и суши с доставкой в Воронеже,https://riceandfish.ru,1,167,Воронеж,+79304234442,https://t.me/RiSiRiBa2022,,https://vk.com/public216134582,,ricandfish22@yandex.ru,Гуляш
"Суши в Тольятти «Кашевар» - Доставка суши, Зак",https://kashevar.biz,1,151,Тольятти,+7 (996) 744-27-67; 80392156863; 80769230769,,,https://vk.com/kashevar_tlt,,,Гуляш
Суши и роллы в Ачинске — доставка и самовывоз,https://sushi-nashi.ru,1,179,Ачинск,+7(39151)93636; +79538493636; 80788511083,,89538493636,https://vk.com/sushinashi,,sushinashi93636@yandex.ru,Гуляш
Суши Лавка - Кемерово,https://xn--42-6kcaj8aqf6cu9c.xn--p1ai,1,150,Кемерово,+7(3842)671606; +79235671606,,,https://vk.com/sushilavka142,,sushilavka42@mail.ru,Гуляш
"Суши, Пицца, Роллы с доставкой - Веррес в Бело",https://verres.ru,1,248,Белорецк,+7 (961) 360-17-73; 81865284974; 82733812949,,,https://vk.com/cafeverres,,verres1@mail.ru,Гуляш
Сушистик,https://xn--123-2dd8bm9a.xn--p1ai,1,155,Натухаевская,+7 (905) 477-02-66; +7 (989) 770-77-43; 85850784196,,,https://vk.com/club75537776,https://instagram.com/sushistik_,,Гуляш
Сушняк,https://sushnyak.com,1,115,Новомосковск,+79109424272; 80219780219; 82142857142,,,,,,Гуляш
ТАН-ДЕМ СУШИ ЗАКАЖИ ОКЕАН УДОВОЛЬСТВИЯ,https://tandem-sushi.ru,1,213,Юрга,+79832527088; 81481481481; 82539682539,,,https://vk.com/tandemsushi,,s.tandemsushi@yandex.com,Гуляш
Томат &amp; Сёмга,https://tomatsemga.ru,1,115,Нефтекамск,+79968813529; 82758620689; 85074626865,,,https://vk.com/tomatoandsalmon,https://instagram.com/tomat_semga_neftekamsk,tomatsemga@gmail.com,Гуляш
ФИШИ. Доставка суши и роллов в Хабаровске от 4,https://fishi.shop,1,118,Хабаровск,82978723404; 84126984126; 84210526315,,,https://vk.com/fishi_sushibar,,marketing.fishi@gmail.com,Гуляш
Хаки Суши,https://khaki-sushi.ru,1,131,Шахты,+79286286826; 81481481481; 81884057971,https://t.me/khaki_sushi,+79286286826,https://vk.com/khaki_sushi,,sovetskaya.154@bk.ru,Гуляш
Хочу роллы | быстрая доставка роллов и суши до,https://hochurolls.ru,1,106,Березники,+7-929-23-23-929; 82359160560,,,,,,Гуляш
Чикаго-пицца,https://chicagopizza24.ru,1,90,Шарыпово,+79082244242; 83713355048; 86013986013,https://t.me/chicago_sha,+79082244242,https://vk.com/chicago_sha,,,Гуляш
Ямамото,https://xn--80axbiax0g.xn--p1ai,1,135,Санкт-Петербург,+78125655201; +79213666033,,,,,,Гуляш
Доставка Роллов и Суши,https://xn--18-6kc3btf8dtc.xn--p1ai,0,95,Глазов,+7 (919) 902-75-72; 80685295660,,,https://vk.com/yaposhka_glazov,,,Гуляш
Тако и буррито с доставкой за 30 мин | Мексика,https://mexiba.ru,0,57,Москва,80645161290; 82608695652; 83451536643,https://t.me/help_mexicanbab_bot,,https://vk.com/mexiba_ru,,takoburrito.ru@gmail.com,Гуляш
Albo,https://papaalbo.ru,,,,+78552451500; 78552451500; 81690000767,,,https://vk.com/js,https://instagram.com/papa_albo,,иная
Artem,,,,,,,,,,,—
ast,,,,,,,,,,,—
aysun,,,,,,,,,,,—
bakirova,,,,,,,,,,,—
batoni,https://www.batoni-kafe.ru,,,,+74959680699; +74992527121; +74997138630,,,https://vk.com/cafebatoni,,delivery@batoni-kafe.ru,иная
beerma,https://beerma.ru,,,,84722305130; 85302086421,,,,,,Гуляш
BIG BOSS BURGER,https://bbb39.ru,,,,+7 962 266 69 68,,,,,,иная
brava,https://pizzabravo.ru,,,,+7 996 034 44 85,,,,,,иная
busoft,,,,,,,,,,,—
calorieslab,,,,,,,,,,,—
charco,,,,,,,,,,,—
cherniylis,https://www-cherniylis.goulash.tech,,,,+7 3466 21 99 90,,,,,,Гуляш
chiterpizza,https://chiterpizza.ru,,,,,,,https://vk.com/chiterpizza,,,иная
cookiedo,,,,,,,,,,,—
cxfamily,,,,,,,,,,,—
Dars,,,,,,,,,,,—
daypizza,https://oskol.daypizza.ru,,,,+74725444161; 74725444161,https://t.me/daypizza_oskol,,https://vk.com/daypizza_oskol,,,иная
dlosos,https://derzlos.ru,,,,+7 902 737 97 62; +7 927 883 22 20,,,,,,иная
donantonio,https://pizza-don-antonio.ru,,,,84769907932; 85300760724,,,,,,иная
donroll,https://donroll.ru,,,,80396725651; 81713279671; 82864623037,,,,,don-roll@mail.ru,иная
eduard,,,,,,,,,,,—
EnjoyDoner,https://enjoydoner.kz,,,,,,,,,,иная
eshme,,,,,,,,,,,—
expressushi,,,,,,,,,,,—
ezhka,,,,,,,,,,,—
fishsushi,,,,,,,,,,,—
food,,,,,,,,,,,—
gimmerolls,https://gimmerolls.ru,,,,+7 342 258 33 22,,,,,info@gimmerolls.ru,иная
gsupport,,,,,,,,,,,—
hit,,,,,,,,,,,—
hotdogger,https://hdogger.com,,,,82247312034,,,https://vk.com/hot_dogger,https://instagram.com/hotdogger_official,,Гуляш
igh,,,,,,,,,,,—
ivanjapan,,,,,,,,,,,—
kaktus,,,,,,,,,,,—
Kangaroo,https://kenguru-ru.ru,,,,79130089130; 79130089131; 79130089132,,,https://vk.com/kengurururu,,kenguru.dostavka20@mail.ru,иная
kesha,https://kashevar.biz,,,,+7 8482 90 36 10; +7 996 744 27 67,,,,https://instagram.com/kashevar_tlt,kashevar-tlt@yandex.ru,иная
KIDZI,https://kidzi-sushi.ru,,,,+73422580510; 80675045252; 80675052515,https://t.me/kidzi_rollsandpizza,,https://vk.com/kidzisushi,,,иная
kinzazarest,,,,,,,,,,,—
Kusai,https://kusai-roll.ru,,,,83753846268; 88177013600; 89181130130,https://t.me/kusai_roll,https://wa.me/89181130130,,,,иная
lafamia,https://lafamia.ru,,,,+70000000000; 11234567890; 85623433812,,,https://vk.com/lafamia.perm,,lafamiastuff@gmail.com,иная
lapizza,https://la-pizza.pro,,,,+79918989888; 79918989888; 89674603245,,,https://vk.com/lapizzavrn,,,иная
Lifemart KZ,https://su.lifemart.kz,,,,,,,,,,Гуляш
lpopizza,,,,,,,,,,,—
lunchhouse,http://lunchhouse-46.orgs.biz,,,,+79038778595; 79038778595; 84566589815,,https://wa.me/79038778595,https://vk.com/topic,,,иная
mangalhouse,https://mangalhouse.moscow,,,,+74991103011; +79262699366; 74991103011,,,https://vk.com/mangalhouse.moscow,https://instagram.com/mangalhauz,,иная
mantyshka,,,,,,,,,,,—
maslenitsa,,,,,,,,,,,—
mawdooz,,,,,,,,,,,—
mintlosos,https://mintlosos.ru,,,,+78612400082; 78612400082; 78612410082,https://t.me/mintlosos,,,,,Гуляш
missrice,,,,,,,,,,,—
nino,,,,,,,,,,,—
nishityako,,,,,,,,,,,—
nnp,,,,,,,,,,,—
noridori,https://noridori.ru,,,,+7 423 273 34 43,,,https://vk.com/noridorivrn,,noriuss125@mail.ru,Гуляш
Pasta,https://pastaipizza.ru,,,,73532540905,,,https://vk.com/pasta_i_pizza,,,иная
phali,,,,,,,,,,,—
pizzapro,https://pizzapro.ru,,,,+79093748939; 84958668117; 85345500840,,,https://vk.com/propizza,,,иная
pizzarollxl,,,,,,,,,,,—
pizzello,https://pizzello.goulash.tech,,,,,,,,,mr.pizzello.nsk@yandex.ru,иная
pkp,,,,,,,,,,,—
poddypizza,,,,,,,,,,,—
ramparoll,,,,,,,,,,,—
rockyrolls,https://rockyrolls.ru,,,,81743680285; 87633460839; 89310094520,https://t.me/rockyrolls_yar,,https://vk.com/rockyrolls,,,Гуляш
rollandboil,,,,,,,,,,,—
rollgo,,,,,,,,,,,—
rollings,https://rollings-sushi.ru,,,,,,,,,,иная
sakura,https://sushi-sakura.ru,,,,+79872385757; 79872385757; 89307243119,https://t.me/foodninja_auth_bot,,https://vk.com/avtosushi.sakura,,,иная
sakura38,,,,,,,,,,,—
sattar,,,,,,,,,,,—
sf,,,,,,,,,,,—
shavella,https://shavella.orgs.biz,,,,+79003647674; 79003647674; 88292533996,,https://wa.me/79003647674,,,,иная
sho,,,,,,,,,,,—
shosh,,,,,,,,,,,—
sidorina,,,,,,,,,,,—
soulkitchen,https://skburger.orgs.biz,,,,+78312912242; 78312912242; 83892566358,https://t.me/notificationsSK_bot,https://wa.me/78312912242,https://vk.com/id837656794,,,иная
sushi23,https://sushi23.ru,,,,78612176817; 80012802268; 81634932268,,,https://vk.com/public204638651,,ka6an8692@gmail.com,иная
sushiceh1,,,,,,,,,,,—
sushigood,https://sushigood.ru,,,,+79310096467; 79310096467,https://t.me/sushigood_ru,,https://vk.com/sushigood_ru,,,иная
sushijet,https://sushi-jet.ru,,,,+7 3822 990191,,,,,sushijet@yandex.ru,иная
sushiking,https://sushiking.dlvry.ru,,,,+7 914 703 34 43; 8 800 222 29 00,,,,,,иная
sushiland,https://landsushi.ru,,,,+79054105757; +79283449929; 79054105757,,,https://vk.com/landsushi,https://instagram.com/_sushiland_,,иная
sushilikedz,https://sushilikedz.goulash.tech,,,,,,,,,,иная
sushipoint,https://izhpoint.orgs.biz,,,,+73412477171; 73412477171; 81453181403,,https://wa.me/73412477171,,,,иная
sushiwin,,,,,,,,,,,—
sz,,,,,,,,,,,—
testdb21,,,,,,,,,,,—
testdb28,,,,,,,,,,,—
thedostavka,,,,,,,,,,,—
vdovkinfishi,,,,,,,,,,,—
vesla,https://сушивесла.рф,,,,+7 800 550 30 30,https://t.me/sushivesla,,,,,иная
vipsushi74,http://vipsushi74.ru,,,,+79624885107; 89624885107,,,https://vk.com/vipsushi74,,,иная
vkusnonadache,https://vkusnyesushi.ru,,,,,,,https://vk.com/club54288406,,zakaz@vkusnyesushi.ru,иная
wakidzashi,,,,,,,,,,,—
YahooSushi,https://яху-суши.рф,,,,+7 8352 29 29 85; +7 937 011 57 57,,,,,,иная
yakuzasushi,https://www-yakuzasushi.goulash.tech,,,,+7 342 247 47 37; +7 3532 213 300,,,,,,Гуляш
yaratam,,,,,,,,,,,—
Yo,,,,,,,,,,,—
yoji,https://yoji.moscow,,,,81327518435,https://t.me/yojihelp_bot,,https://vk.com/yoji.moscow,,,иная
zaychenko,,,,,,,,,,,—
zbspizza,https://zbspizza.ru,,,,+7 383 388 49 99,,,,,zbspizza@yandex.ru,иная
Zembitskiy,,,,,,,,,,,—
Ай Лав Шаверма,,,,,+7 912 244 18 48; +7 982 652 07 08,,,,,,—
Бандзай,https://banzai-sushi.ru,,,,+79217114013; +79802222222; 79217114013,,,https://vk.com/rtrg,,,иная
Вкусные Роллы,https://vkusnyesushi.moscow,,,,84991134343; 84997536474,,,https://vk.com/public144473257,,vs.sup@yandex.ru,иная
Дастархан,https://dastarkhan24.kz,,,,+7 702 313 1221; +7 727 313 14 54,,,,,info@dastarkhan24.kz,Гуляш
Доставка Гуляш,,,,,,,,,,,—
ЕбиДоеби,,,,,,,,,,,—
Жизньмарт,https://gizn.ru,,,,+7 800 600 03 15,,,,,feedback@lifemart.ru,Гуляш
Круть,https://kruttoverto.goulash.tech,,,,+7 800 333 17 74,,,,,,иная
Панды Питера,https://pandy-pitera.ru,,,,+7 995 234 27 07,,,,https://instagram.com/petropanda,,иная
Пицца30см,,,,,,,,,,,—
Суши от Зебруши,https://zebraeda.com,,,,+73833832118; +73833832119; +73833832228,,,,,,иная
Сушимания Томск,https://sushimania-tomsk.ru,,,,86133383536; 86638303164; 86640309189,,,,,,Гуляш
Сушкоф,https://sushkof.ru,,,,+73433734444; +78007005611; +79220239999,,,https://vk.com/sushkof_pizza,,,Гуляш
Тесла-бургер,https://teslaburger.ru,,,,86640309189; 88912855579,,,,,,Гуляш
Фишка Суши,https://fishka-sushi.ru,,,,+7 4722 21 83 05,,,,,,иная
Чизи Пицца,https://pizzacheez.ru,,,,+73912551155; 73912551155; 85774589452,,,https://vk.com/pizzacheez,,cheezceo@gmail.com,иная
Чикен Стрит,,,,,,,,,,,—
Японори,https://yaponori-38.orgs.biz,,,,+73952480424; 73952480424,,https://wa.me/73952480424,https://vk.com/id142963910,,,иная
